{"type":"FeatureCollection","crs":{"type":"name","properties":{"name":"EPSG:4326"}},"features":[{"type":"Feature","id":1,"geometry":{"type":"Polygon","coordinates":[[[-87.870329374441,29.6854930418242],[-87.8655470753467,29.6701806397788],[-87.8719234735402,29.6545177924633],[-87.8822851217276,29.6423338755674],[-87.8898570949193,29.6203990712751],[-87.8878644708207,29.6061214494238],[-87.8711264244398,29.5914934742869],[-87.8838792217252,29.5981111565432],[-87.8918497199163,29.6064697083905],[-87.8970305431116,29.6169169133512],[-87.9010157931055,29.6259702725964],[-87.8994216931079,29.6325856694255],[-87.8902556199187,29.6423338755674],[-87.882683646727,29.6531254206869],[-87.8779013476327,29.6628716177721],[-87.8759087226358,29.6687884863183],[-87.8715249485408,29.6792291616762],[-87.870329374441,29.6854930418242]]]},"properties":{"objectid":1,"id":0,"area":10.3090554,"Shape__Area":10361540.580078125,"Shape__Length":27741.046467809061}},{"type":"Feature","id":2,"geometry":{"type":"Polygon","coordinates":[[[-87.897429068111,29.6089074874776],[-87.895037919013,29.6050766645259],[-87.8930452940161,29.600897418247],[-87.8842777458262,29.5932350119937],[-87.895037919013,29.5995042974069],[-87.8990231681085,29.6019422464442],[-87.9006172681061,29.6036836021976],[-87.9006172681061,29.6057731892543],[-87.897429068111,29.6089074874776]]]},"properties":{"objectid":2,"id":0,"area":0.73804807,"Shape__Area":741808.431640625,"Shape__Length":5593.59204177321}},{"type":"Feature","id":3,"geometry":{"type":"Polygon","coordinates":[[[-87.9002187431067,29.5967179972187],[-87.897429068111,29.5939316185027],[-87.8918497199163,29.5901002220085],[-87.892646769915,29.5869653330648],[-87.8978275931104,29.5894035882642],[-87.8994216931079,29.5866170059724],[-87.9006172681061,29.5796502108645],[-87.9053995672004,29.5782567935119],[-87.907392191299,29.5834820088181],[-87.9077907162984,29.5887069504913],[-87.9085877662972,29.5928867073259],[-87.9057980913015,29.5963697037952],[-87.9002187431067,29.5967179972187]]]},"properties":{"objectid":3,"id":0,"area":2.40210044,"Shape__Area":2414342.384765625,"Shape__Length":7276.10643013538}},{"type":"Feature","id":4,"geometry":{"type":"Polygon","coordinates":[[[-87.9153626894901,29.5890552703695],[-87.9149641644907,29.582088644362],[-87.9133700653915,29.5758182658868],[-87.9129715403921,29.5702442663891],[-87.9161597394889,29.5691991068366],[-87.9201449885844,29.5740764244896],[-87.921739088582,29.5782567935119],[-87.921739088582,29.5845270189505],[-87.9185508885869,29.5883586294108],[-87.9153626894901,29.5890552703695]]]},"properties":{"objectid":4,"id":0,"area":1.67684521,"Shape__Area":1685392.658203125,"Shape__Length":5912.5440760908641}},{"type":"Feature","id":5,"geometry":{"type":"Polygon","coordinates":[[[-87.9253258126781,29.5824369870841],[-87.9233331876812,29.5779084363638],[-87.9209420385832,29.5698958808131],[-87.9165582644882,29.5650183588949],[-87.9129715403921,29.5636247380498],[-87.9081892412978,29.5601405990799],[-87.9165582644882,29.5583984849222],[-87.9277169617761,29.5678055436795],[-87.9229346626818,29.5608374363313],[-87.9225361385807,29.5559594730701],[-87.9249272876787,29.5535204015595],[-87.9257243376775,29.5479451589968],[-87.9221376135813,29.5430665663384],[-87.9221376135813,29.5388847268638],[-87.9269199126757,29.5420211232723],[-87.9273184367767,29.5374907408926],[-87.9324992608704,29.5364452393887],[-87.934093360868,29.552823513841],[-87.9404697590615,29.5712894151243],[-87.9400712340621,29.5796502108645],[-87.9332963108692,29.5817403004377],[-87.9293110617736,29.5824369870841],[-87.9253258126781,29.5824369870841]]]},"properties":{"objectid":5,"id":0,"area":9.15966855,"Shape__Area":9206373.3984375,"Shape__Length":19540.108470630585}},{"type":"Feature","id":6,"geometry":{"type":"Polygon","coordinates":[[[-87.9472446831527,29.5580500577043],[-87.9400712340621,29.5510812711746],[-87.9348904108667,29.5420211232723],[-87.9330970483695,29.5350947828726],[-87.935787091217,29.5348334025123],[-87.9363848787161,29.5392767814426],[-87.939672709961,29.5476402541958],[-87.9456505831552,29.5533897360644],[-87.9501339885,29.5541737304074],[-87.9579052241914,29.553651067667],[-87.9501339885,29.5567870012131],[-87.9472446831527,29.5580500577043]]]},"properties":{"objectid":6,"id":0,"area":1.0716150400000002,"Shape__Area":1077080.5234375,"Shape__Length":9087.4859760817271}},{"type":"Feature","id":7,"geometry":{"type":"Polygon","coordinates":[[[-87.9336948358686,29.5188878895261],[-87.9250269189286,29.5139207358516],[-87.9253258126781,29.5110449027666],[-87.9319014733714,29.5139207358516],[-87.9366837724657,29.5149664732916],[-87.9336948358686,29.5188878895261]]]},"properties":{"objectid":7,"id":0,"area":0.53692997000000009,"Shape__Area":539670.302734375,"Shape__Length":3494.8032436967233}},{"type":"Feature","id":8,"geometry":{"type":"Polygon","coordinates":[[[-88.0631158024696,29.5547834996668],[-88.0487689051867,29.5534768464132],[-88.0332264338039,29.5495567844953],[-88.0179828552723,29.545897921393],[-88.0105105133305,29.5398866413596],[-88.0057282142362,29.5299541708948],[-87.9994514472925,29.5166222009027],[-87.9922779982019,29.502765529085],[-87.9845067625104,29.4870764185288],[-87.9743443768228,29.4682462452386],[-87.9671709286305,29.457783512025],[-87.9596985866886,29.4522901406108],[-87.9596985866886,29.4501973484867],[-87.9652094392413,29.4541621712022],[-87.9709257805169,29.4596063947968],[-87.9773146329535,29.4690227334756],[-87.9823584639664,29.4802034875232],[-87.9874022949792,29.4900591725272],[-87.9937911474159,29.5032966280542],[-88.0008525110136,29.5160911734046],[-88.0057282142362,29.5266785265124],[-88.0111083008296,29.5371177379039],[-88.018001536637,29.5434395473809],[-88.0260716660779,29.5459387578449],[-88.0307792415103,29.5462327784051],[-88.0420437971695,29.549613952985],[-88.0541489917801,29.5515250014558],[-88.0649091640685,29.5518190057654],[-88.0660860586004,29.5546120020927],[-88.0631158024696,29.5547834996668]]]},"properties":{"objectid":8,"id":0,"area":4.17673222,"Shape__Area":4198047.32421875,"Shape__Length":39053.228719075269}},{"type":"Feature","id":9,"geometry":{"type":"Polygon","coordinates":[[[-87.9652094392413,29.4522492655973],[-87.9625193954954,29.4512192246851],[-87.9620150130229,29.4475404203341],[-87.9640325447095,29.4468046433041],[-87.965041311451,29.4484233461981],[-87.9653775670315,29.4466574875709],[-87.9628556510759,29.4450387565121],[-87.9581480756436,29.444597280209],[-87.9552899050058,29.4453330732415],[-87.9557942874783,29.4438614818425],[-87.9603337360187,29.4428313542297],[-87.9647050558705,29.4440086416296],[-87.9677313542986,29.4465103308421],[-87.9678994820888,29.449011958391],[-87.9667225884553,29.4519549697078],[-87.9652094392413,29.4522492655973]]]},"properties":{"objectid":9,"id":0,"area":0.62578332,"Shape__Area":628981.455078125,"Shape__Length":5299.817476836598}},{"type":"Feature","id":10,"geometry":{"type":"Polygon","coordinates":[[[-87.9853847623944,29.4785852980304],[-87.9838716131804,29.4784381884003],[-87.9830309751274,29.4756430672086],[-87.9835353584982,29.47387768788],[-87.9853847623944,29.4747603813872],[-87.9858891457652,29.4766728577498],[-87.9853847623944,29.4785852980304]]]},"properties":{"objectid":10,"id":0,"area":0.13275784000000002,"Shape__Area":133435.90234375,"Shape__Length":1508.1805546192165}},{"type":"Feature","id":11,"geometry":{"type":"Polygon","coordinates":[[[-87.943689093766,29.4425370302462],[-87.9443616040287,29.4416540531752],[-87.9446978596093,29.4404767384665],[-87.9480604136179,29.440623903943],[-87.9515910954167,29.4410653975276],[-87.9539448826837,29.4419483797189],[-87.9510867120459,29.4437143210597],[-87.9463791366136,29.4426841927357],[-87.943689093766,29.4425370302462]]]},"properties":{"objectid":11,"id":0,"area":0.28355533000000005,"Shape__Area":285004.623046875,"Shape__Length":2578.1670982363703}},{"type":"Feature","id":12,"geometry":{"type":"Polygon","coordinates":[[[-87.9793321655383,29.4551921822386],[-87.977650888534,29.456369324681],[-87.9756333559492,29.4548978941029],[-87.9734476964725,29.4550450386686],[-87.9727751853114,29.456369324681],[-87.9699170146736,29.4560750399598],[-87.9697488868834,29.4554864687386],[-87.9705895249363,29.4538678800787],[-87.9712620360974,29.4529850031513],[-87.9731114408919,29.4529850031513],[-87.9763058671103,29.4532792960533],[-87.9786596552756,29.4543093160527],[-87.9793321655383,29.4551921822386]]]},"properties":{"objectid":12,"id":0,"area":0.29248757999999997,"Shape__Area":293982.201171875,"Shape__Length":2714.8935771706024}},{"type":"Feature","id":13,"geometry":{"type":"Polygon","coordinates":[[[-88.1695323330842,29.6152991188795],[-88.1705950661164,29.6125132590183],[-88.1716577991487,29.6101916505819],[-88.1716577991487,29.613906198573],[-88.1695323330842,29.6152991188795]]]},"properties":{"objectid":13,"id":0,"area":0.05948121,"Shape__Area":59784.1953125,"Shape__Length":1467.6843723151576}},{"type":"Feature","id":14,"geometry":{"type":"Polygon","coordinates":[[[-88.0980303207835,29.6616751493771],[-88.0962369591846,29.6601088418728],[-88.0986281082826,29.6588035668623],[-88.1004214707799,29.6614140999499],[-88.0980303207835,29.6616751493771]]]},"properties":{"objectid":14,"id":0,"area":0.09077991,"Shape__Area":91241.89453125,"Shape__Length":1255.1409111846497}},{"type":"Feature","id":15,"geometry":{"type":"Polygon","coordinates":[[[-88.1055379494481,29.3856121519056],[-88.1057060772383,29.3841396860368],[-88.1102455248804,29.382667198859],[-88.1107499082512,29.3856121519056],[-88.1055379494481,29.3856121519056]]]},"properties":{"objectid":15,"id":0,"area":0.15412519000000002,"Shape__Area":154913.859375,"Shape__Length":1688.8456959309449}},{"type":"Feature","id":16,"geometry":{"type":"Polygon","coordinates":[[[-88.1857348613849,29.3651429499737],[-88.1850623511222,29.3685302273866],[-88.1815316693233,29.3694138460656],[-88.1795141367385,29.3702974570758],[-88.176824093891,29.3710337935955],[-88.1758153271494,29.3677938719769],[-88.1759834549397,29.3645538464749],[-88.1795141367385,29.3652902253159],[-88.1825404351666,29.3647011226691],[-88.1847260955416,29.3636701848366],[-88.1857348613849,29.3651429499737]]]},"properties":{"objectid":16,"id":0,"area":0.6679926,"Shape__Area":671411.841796875,"Shape__Length":3501.414830302489}},{"type":"Feature","id":17,"geometry":{"type":"Polygon","coordinates":[[[-88.698275264628,29.6509709522883],[-88.6966811655288,29.6458653103328],[-88.6950870655312,29.6407594070837],[-88.6950870655312,29.6342606059634],[-88.698275264628,29.6231188191653],[-88.7004007315908,29.6133687347363],[-88.7025261976553,29.6059394591577],[-88.7025261976553,29.5994383894817],[-88.7062457637174,29.5980452484888],[-88.7073084967496,29.592472488198],[-88.7136848949432,29.592008077416],[-88.7115594288787,29.6050107610233],[-88.7099653288811,29.620797456569],[-88.7083712297819,29.6412235909481],[-88.7030575637223,29.6444728172997],[-88.698275264628,29.6509709522883]]]},"properties":{"objectid":17,"id":0,"area":8.18916267,"Shape__Area":8230869.806640625,"Shape__Length":16671.327628877505}},{"type":"Feature","id":18,"geometry":{"type":"Polygon","coordinates":[[[-88.9437666130456,29.9096224326586],[-88.9464234460754,29.9123999606959],[-88.937921580919,29.9096224326586],[-88.9363274818198,29.9040671418802],[-88.937390214852,29.895733619797],[-88.9384529478843,29.8887884807536],[-88.9405784139488,29.8846211617777],[-88.9432352469786,29.8873993937838],[-88.9432352469786,29.8952706262586],[-88.9405784139488,29.9045300953251],[-88.9437666130456,29.9096224326586]]]},"properties":{"objectid":18,"id":0,"area":1.7949329,"Shape__Area":1804024.125,"Shape__Length":8214.5421525306247}},{"type":"Feature","id":19,"geometry":{"type":"Polygon","coordinates":[[[-88.9341688050392,29.8879058341621],[-88.9338699112897,29.8829570795744],[-88.9338699112897,29.8800918980396],[-88.9359621666381,29.8811337918303],[-88.9359621666381,29.8850407956151],[-88.9359621666381,29.8876453792315],[-88.9341688050392,29.8879058341621]]]},"properties":{"objectid":19,"id":0,"area":0.20314773,"Shape__Area":204176.908203125,"Shape__Length":2311.1459888593208}},{"type":"Feature","id":20,"geometry":{"type":"Polygon","coordinates":[[[-89.0910879903096,30.0411940267199],[-89.0922835653078,30.0378133346346],[-89.0940769269067,30.0333922536434],[-89.0964680769031,30.0357328506857],[-89.0955713956544,30.0419741699308],[-89.0910879903096,30.0411940267199]]]},"properties":{"objectid":20,"id":0,"area":0.39245706,"Shape__Area":394439.25,"Shape__Length":2776.7956591333864}},{"type":"Feature","id":21,"geometry":{"type":"Polygon","coordinates":[[[-88.9129584232527,29.4265698753575],[-88.9085746491578,29.4241276554541],[-88.9061834991615,29.4223831764938],[-88.902198250066,29.4258721044574],[-88.8986115259698,29.4216853768348],[-88.9014012009655,29.4147071096054],[-88.9049879250617,29.4126135349682],[-88.9089731741572,29.4056346377237],[-88.9109657982558,29.4038898381547],[-88.9169436723483,29.3972593235777],[-88.9169436723483,29.3920243976226],[-88.9217259714426,29.3871382216591],[-88.9288994196349,29.3822518078824],[-88.9300949946331,29.3735254806618],[-88.9376669678248,29.363401993623],[-88.9428477919185,29.3539757644383],[-88.9488256660109,29.3518809273357],[-88.9528109151065,29.3490877431526],[-88.9731356855836,29.3124200346908],[-88.9862870078683,29.27993180141],[-88.9970471801568,29.2442875443643],[-89.0030250542493,29.2317042226485],[-89.0113940774397,29.2198185393105],[-89.0185675256321,29.2138751745142],[-89.0273350738219,29.2079314625922],[-89.0408849211061,29.199190075836],[-89.0432760702041,29.2005887484691],[-89.0388922961092,29.2033860357034],[-89.0297262238182,29.2096796487601],[-89.0297262238182,29.2131759324126],[-89.0349070470136,29.2128263099644],[-89.0376967220093,29.2086307404811],[-89.0448701702016,29.2068825356364],[-89.0484568942978,29.2054839496628],[-89.0488554192972,29.2096796487601],[-89.0388922961092,29.2208673314924],[-89.0309217979181,29.2261111328882],[-89.022951299727,29.2275094341648],[-89.0185675256321,29.2289077163482],[-89.0129881774373,29.2331024467645],[-89.0070103033448,29.2397437471999],[-89.0014309542517,29.254772452103],[-88.9970471801568,29.2691000711095],[-88.9938589810601,29.2792330152734],[-88.9882796319669,29.2928584786069],[-88.9807076587753,29.3106736211787],[-88.971541585586,29.3284856223083],[-88.9631725623956,29.3445486543738],[-88.9595858382994,29.3529283512712],[-88.9559991142032,29.3536266281734],[-88.9512168151089,29.3637510963818],[-88.9516153401083,29.3679402345713],[-88.9456374660159,29.3742236147797],[-88.9448404160171,29.3724782708988],[-88.9412536919209,29.3773651578819],[-88.9436448419172,29.3763179876216],[-88.9452389410165,29.3794594652975],[-88.9376669678248,29.3843460139503],[-88.9316890946306,29.3857421273833],[-88.9253126955388,29.3934204041187],[-88.9265082705369,29.4038898381547],[-88.9308920446318,29.411566730694],[-88.9273053205357,29.4147071096054],[-88.9237185955412,29.4101709756728],[-88.9225230214414,29.4147071096054],[-88.9265082705369,29.4237787622151],[-88.922124496442,29.4286631600796],[-88.9209289214438,29.4335473199281],[-88.9169436723483,29.4300586579558],[-88.9157480973501,29.4321518699903],[-88.9129584232527,29.4265698753575]]]},"properties":{"objectid":21,"id":0,"area":37.95141568,"Shape__Area":38145855.888671875,"Shape__Length":79911.544796793693}},{"type":"Feature","id":22,"geometry":{"type":"Polygon","coordinates":[[[-88.8503900109256,29.4359893109802],[-88.8472018118288,29.4265698753575],[-88.8503900109256,29.4248254391198],[-88.8519841109232,29.4311052693661],[-88.8503900109256,29.4359893109802]]]},"properties":{"objectid":22,"id":0,"area":0.37788061,"Shape__Area":379812.45703125,"Shape__Length":3145.2970299418957}},{"type":"Feature","id":23,"geometry":{"type":"Polygon","coordinates":[[[-88.9348772937274,29.3204531482819],[-88.9332831937298,29.3173098321124],[-88.9332831937298,29.3159127712695],[-88.9364713928266,29.313118591414],[-88.9376669678248,29.3173098321124],[-88.9348772937274,29.3204531482819]]]},"properties":{"objectid":23,"id":0,"area":0.25880886000000003,"Shape__Area":260134.93359375,"Shape__Length":2179.2018892947258}},{"type":"Feature","id":24,"geometry":{"type":"Polygon","coordinates":[[[-88.9412536919209,29.3208023997427],[-88.9384640178235,29.3190561304815],[-88.9384640178235,29.3134678679823],[-88.9412536919209,29.3141664183159],[-88.9452389410165,29.3169605686951],[-88.9460359910152,29.3194053867251],[-88.9424492669191,29.3211516492247],[-88.9412536919209,29.3208023997427]]]},"properties":{"objectid":24,"id":0,"area":0.54221931,"Shape__Area":544997.41015625,"Shape__Length":2910.2801428272078}},{"type":"Feature","id":25,"geometry":{"type":"Polygon","coordinates":[[[-88.9661614989926,29.2859149626012],[-88.9664603927422,29.2819844586868],[-88.9694493302376,29.2767435495048],[-88.971541585586,29.2701920319243],[-88.9748294159326,29.2597087205313],[-88.977818353428,29.2487000758799],[-88.9805083962756,29.2390009916709],[-88.9846929078708,29.2248439063544],[-88.9876818444679,29.2237951541065],[-88.986486270368,29.2324470311223],[-88.9820028650233,29.2418845999335],[-88.9796117150269,29.2544666582682],[-88.9754272034317,29.2686196044051],[-88.9730360543337,29.2806742565911],[-88.9661614989926,29.2859149626012]]]},"properties":{"objectid":25,"id":0,"area":2.94315118,"Shape__Area":2958248.921875,"Shape__Length":16929.727312151284}},{"type":"Feature","id":26,"geometry":{"type":"Polygon","coordinates":[[[-88.9042905063127,29.2929894835545],[-88.9054860813109,29.2908933810929],[-88.9051871875614,29.2893212752329],[-88.9039916125632,29.2843427793376],[-88.902198250066,29.2804122149394],[-88.8995082072184,29.2770056013477],[-88.9045894000623,29.2796260836019],[-88.9024971438155,29.2749091677903],[-88.9016004634652,29.2720264998659],[-88.8995082072184,29.269405821188],[-88.8992093134689,29.2654746760257],[-88.9001059947175,29.2594466243477],[-88.9036927188136,29.2628538278259],[-88.9042905063127,29.2683575310617],[-88.9081761241584,29.2762194438032],[-88.908475017908,29.2840807463109],[-88.9081761241584,29.2924654619722],[-88.9042905063127,29.2929894835545]]]},"properties":{"objectid":26,"id":0,"area":2.05361875,"Shape__Area":2064149.34765625,"Shape__Length":10489.499413835085}},{"type":"Feature","id":27,"geometry":{"type":"Polygon","coordinates":[[[-88.897341228208,29.2685131367251],[-88.8965005892567,29.2667441250139],[-88.895828078994,29.2639431266169],[-88.8971731004177,29.2642379717132],[-88.8978456106805,29.2665967057936],[-88.8980137384707,29.2676286350875],[-88.897341228208,29.2685131367251]]]},"properties":{"objectid":27,"id":0,"area":0.071983470000000008,"Shape__Area":72352.650390625,"Shape__Length":1342.5425798850265}},{"type":"Feature","id":28,"geometry":{"type":"Polygon","coordinates":[[[-88.8897941626042,29.2880111680102],[-88.8888974813556,29.28617699014],[-88.888000800107,29.2817224196117],[-88.8906908438528,29.2814603798646],[-88.8915875242031,29.2864390177902],[-88.8897941626042,29.2880111680102]]]},"properties":{"objectid":28,"id":0,"area":0.21255784000000003,"Shape__Area":213647.625,"Shape__Length":2059.310592391058}},{"type":"Feature","id":29,"geometry":{"type":"Polygon","coordinates":[[[-88.8826207135136,29.2867010447682],[-88.8802295644156,29.2859149626012],[-88.8745505840726,29.2832946431983],[-88.8670782421308,29.2783158512662],[-88.8637904117842,29.2751712243367],[-88.8637904117842,29.2728126896625],[-88.8727572224737,29.2772676525186],[-88.8784362019183,29.2817224196117],[-88.8835173947622,29.2838187126121],[-88.8856096510089,29.2819844586868],[-88.8871041188583,29.2840807463109],[-88.8826207135136,29.2867010447682]]]},"properties":{"objectid":29,"id":0,"area":1.17847825,"Shape__Area":1184520.83984375,"Shape__Length":6761.2872882986421}},{"type":"Feature","id":30,"geometry":{"type":"Polygon","coordinates":[[[-88.8616981555374,29.2772676525186],[-88.8548236010946,29.2730747523678],[-88.8524324519966,29.2696678918441],[-88.8545247073451,29.2691437498601],[-88.8596059001889,29.2735988741956],[-88.8631926242851,29.2775297038012],[-88.8616981555374,29.2772676525186]]]},"properties":{"objectid":30,"id":0,"area":0.34208528000000005,"Shape__Area":343839.515625,"Shape__Length":3298.7131228548024}},{"type":"Feature","id":31,"geometry":{"type":"Polygon","coordinates":[[[-88.9050377402374,29.2416224572988],[-88.903543272388,29.2387388416504],[-88.9047388464879,29.2363794589017],[-88.9095211455822,29.2376902340706],[-88.9050377402374,29.2416224572988]]]},"properties":{"objectid":31,"id":0,"area":0.22362856000000003,"Shape__Area":224776.08203125,"Shape__Length":1998.4895980783563}},{"type":"Feature","id":32,"geometry":{"type":"Polygon","coordinates":[[[-88.8135762726414,29.2557771994132],[-88.8138751663909,29.2518455248222],[-88.8126795913928,29.248175824857],[-88.8156685279898,29.2473894425023],[-88.8162663154889,29.2497485698671],[-88.8162663154889,29.2539424367952],[-88.8162663154889,29.2568256200829],[-88.8135762726414,29.2557771994132]]]},"properties":{"objectid":32,"id":0,"area":0.32935395000000006,"Shape__Area":331043.58984375,"Shape__Length":2876.2400508162491}},{"type":"Feature","id":33,"geometry":{"type":"Polygon","coordinates":[[[-88.8174618904871,29.2266791953785],[-88.8138751663909,29.2211732280714],[-88.8132773788918,29.2161913799401],[-88.8159674217394,29.2180268263549],[-88.8189563583364,29.2232707747393],[-88.819255252086,29.2248439063544],[-88.8174618904871,29.2266791953785]]]},"properties":{"objectid":33,"id":0,"area":0.39909949,"Shape__Area":401148.115234375,"Shape__Length":3085.0043702442031}},{"type":"Feature","id":34,"geometry":{"type":"Polygon","coordinates":[[[-88.8043105682023,29.2117337298707],[-88.801919418206,29.2098981707183],[-88.8010227378556,29.2072758843069],[-88.8007238441061,29.2038668110366],[-88.8013216307069,29.2004576235979],[-88.8046094619518,29.1959992821079],[-88.8072995047993,29.1920652892816],[-88.8090928672966,29.1939011716958],[-88.8075983985489,29.1986218593586],[-88.8043105682023,29.2054402437397],[-88.8043105682023,29.2117337298707]]]},"properties":{"objectid":34,"id":0,"area":0.98141942,"Shape__Area":986459.310546875,"Shape__Length":5518.0413627767275}},{"type":"Feature","id":35,"geometry":{"type":"Polygon","coordinates":[[[-88.7965393325109,29.2628538278259],[-88.7935503950155,29.2607571008996],[-88.7944470762641,29.2568256200829],[-88.7983326941098,29.2552529846567],[-88.799528269108,29.2539424367952],[-88.8022183119555,29.2568256200829],[-88.8052072494509,29.2586603301994],[-88.8064028235507,29.2563014106995],[-88.8070006110498,29.260232911667],[-88.8058050360517,29.262591739703],[-88.8016205244564,29.2628538278259],[-88.7989304816089,29.2615433781431],[-88.7965393325109,29.2628538278259]]]},"properties":{"objectid":35,"id":0,"area":1.07109226,"Shape__Area":1076586.384765625,"Shape__Length":4798.748093598967}},{"type":"Feature","id":36,"geometry":{"type":"Polygon","coordinates":[[[-88.7795023923804,29.2846048116923],[-88.7759156673859,29.2867010447682],[-88.7738234120375,29.2843427793376],[-88.7714322620412,29.2806742565911],[-88.7723289432898,29.2780538027832],[-88.7747200932861,29.2793640384788],[-88.7771112423841,29.2804122149394],[-88.7786057111318,29.2775297038012],[-88.7842846905764,29.2762194438032],[-88.7887680959212,29.2751712243367],[-88.7899636709193,29.2699299626119],[-88.7974360128612,29.2652125946205],[-88.8037127807032,29.2652125946205],[-88.8040116744527,29.2675713054332],[-88.8037127807032,29.2720264998659],[-88.8010227378556,29.2756953354138],[-88.7989304816089,29.2793640384788],[-88.7941481825146,29.2780538027832],[-88.7872736280718,29.2814603798646],[-88.7795023923804,29.2846048116923]]]},"properties":{"objectid":36,"id":0,"area":3.81607753,"Shape__Area":3835645.94140625,"Shape__Length":10685.769012131901}},{"type":"Feature","id":37,"geometry":{"type":"Polygon","coordinates":[[[-88.7687422191936,29.2806742565911],[-88.7672477504459,29.2746471105719],[-88.7645577075984,29.2680954562628],[-88.765454388847,29.2665229964957],[-88.7681444316946,29.2704541005649],[-88.7702366879413,29.27648149699],[-88.7708344754404,29.2798881280531],[-88.7687422191936,29.2806742565911]]]},"properties":{"objectid":37,"id":0,"area":0.43784702000000003,"Shape__Area":440092.369140625,"Shape__Length":3980.5308701295048}},{"type":"Feature","id":38,"geometry":{"type":"Polygon","coordinates":[[[-88.8622295225027,29.4713188609721],[-88.8613328412541,29.4676571400756],[-88.8637239912504,29.4663493507339],[-88.8658162465988,29.4684418057413],[-88.8643217778511,29.4715804076839],[-88.8622295225027,29.4713188609721]]]},"properties":{"objectid":38,"id":0,"area":0.21532552000000002,"Shape__Area":216425.49609375,"Shape__Length":1817.5087807433317}},{"type":"Feature","id":39,"geometry":{"type":"MultiPolygon","coordinates":[[[[-88.8627205622982,29.4598381720668],[-88.8598383725064,29.4605948735172],[-88.8580450109074,29.4571943453052],[-88.8592405859056,29.4566711770011],[-88.8628273100018,29.4587638340296],[-88.8622295225027,29.4587638340296],[-88.8627205622982,29.4598381720668]]],[[[-88.8628273100018,29.4600717227505],[-88.8627205622982,29.4598381720668],[-88.8628273100018,29.4598101463554],[-88.8628273100018,29.4600717227505]]]]},"properties":{"objectid":39,"id":0,"area":0.14320768,"Shape__Area":143939.41796875,"Shape__Length":1735.4543881340992}},{"type":"Feature","id":40,"geometry":{"type":"Polygon","coordinates":[[[-88.8580450109074,29.4443759358504],[-88.8559527546607,29.4404516058775],[-88.8565505421598,29.4378353003078],[-88.8598383725064,29.4422829789537],[-88.8580450109074,29.4443759358504]]]},"properties":{"objectid":40,"id":0,"area":0.16052545000000001,"Shape__Area":161345.943359375,"Shape__Length":1904.0239943705815}},{"type":"Feature","id":41,"geometry":{"type":"Polygon","coordinates":[[[-88.7952773369789,29.4927633994902],[-88.7925872932331,29.4925019082233],[-88.7898972503855,29.4877949507806],[-88.7907939316342,29.4851798787154],[-88.7952773369789,29.4927633994902]]]},"properties":{"objectid":41,"id":0,"area":0.21587906,"Shape__Area":216981.486328125,"Shape__Length":2413.3784890858742}},{"type":"Feature","id":42,"geometry":{"type":"Polygon","coordinates":[[[-88.7892994628865,29.4987775076293],[-88.7854138450408,29.497731601397],[-88.7821260146942,29.4959012396959],[-88.7806315459465,29.4935478684589],[-88.7851149512912,29.4935478684589],[-88.7887016753874,29.4943323321344],[-88.7907939316342,29.497731601397],[-88.7892994628865,29.4987775076293]]]},"properties":{"objectid":42,"id":0,"area":0.44227530000000004,"Shape__Area":444533.4296875,"Shape__Length":2848.5811126835288}},{"type":"Feature","id":43,"geometry":{"type":"Polygon","coordinates":[[[-88.7531333263787,29.4755035211377],[-88.7483510272844,29.4736727539602],[-88.7426720478398,29.4713188609721],[-88.7387864299941,29.4692264653351],[-88.7360963862483,29.466872468338],[-88.7337052371503,29.4629490177942],[-88.7325096621521,29.4600717227505],[-88.7307163005532,29.4553632436548],[-88.728922938056,29.4522241359234],[-88.7247384264607,29.4485617186078],[-88.7280262568073,29.4467304596001],[-88.7346019183989,29.4493465335576],[-88.7366941737473,29.4566711770011],[-88.7408786853426,29.4637337198893],[-88.7471554531846,29.464256851768],[-88.7498454960321,29.4663493507339],[-88.7552255826255,29.4697495680969],[-88.7531333263787,29.4755035211377]]]},"properties":{"objectid":43,"id":0,"area":3.35941029,"Shape__Area":3376573.73828125,"Shape__Length":10752.354730744661}},{"type":"Feature","id":44,"geometry":{"type":"Polygon","coordinates":[[[-88.7396831103444,29.4488233240047],[-88.7372919612464,29.4469920704999],[-88.7357974924987,29.4459456244193],[-88.7343030246493,29.4430678424561],[-88.738188642495,29.4433294627965],[-88.7402808978435,29.4464688488083],[-88.7396831103444,29.4488233240047]]]},"properties":{"objectid":44,"id":0,"area":0.24355586,"Shape__Area":244800.611328125,"Shape__Length":2177.7842133291956}},{"type":"Feature","id":45,"geometry":{"type":"Polygon","coordinates":[[[-88.7531333263787,29.4503929437885],[-88.7501443897817,29.4467304596001],[-88.7492477085331,29.4407132321785],[-88.7510410710303,29.4409748585875],[-88.7531333263787,29.4448991683314],[-88.7540300076274,29.4475152894941],[-88.7540300076274,29.4483001125365],[-88.7531333263787,29.4503929437885]]]},"properties":{"objectid":45,"id":0,"area":0.34097821000000006,"Shape__Area":342720.853515625,"Shape__Length":2840.3989483002056}},{"type":"Feature","id":46,"geometry":{"type":"Polygon","coordinates":[[[-88.7262328952084,29.5058370872757],[-88.7226461702139,29.504791254739],[-88.7184616586187,29.5040068736381],[-88.7160705095207,29.5040068736381],[-88.7100926354282,29.5016536923136],[-88.7014247184882,29.5013922247807],[-88.6942512702959,29.4982545554724],[-88.6840888846082,29.4935478684589],[-88.6870778221036,29.4932863792171],[-88.6960446327932,29.4974701229557],[-88.7014247184882,29.4987775076293],[-88.7056092300835,29.4995619300196],[-88.7097937416787,29.4995619300196],[-88.7160705095207,29.4982545554724],[-88.7187605523683,29.5000848746438],[-88.7262328952084,29.5058370872757]]]},"properties":{"objectid":46,"id":0,"area":1.3843936600000002,"Shape__Area":1391461.419921875,"Shape__Length":10274.931906256941}},{"type":"Feature","id":47,"geometry":{"type":"Polygon","coordinates":[[[-88.7453620906874,29.4234444048091],[-88.7456609844369,29.4199902838447],[-88.7513399647798,29.4241770821081],[-88.7543289013769,29.4283637062532],[-88.7558233701246,29.4254854212281],[-88.7534322201283,29.4223453793437],[-88.7540300076274,29.4178968188366],[-88.7576167317235,29.4139714553982],[-88.7576167317235,29.4092608169361],[-88.7537311138778,29.4048116781473],[-88.7534322201283,29.4014092627321],[-88.7543289013769,29.3969597764231],[-88.757317837974,29.3953893230075],[-88.7579156254731,29.3901543000188],[-88.7618012433188,29.3909395709565],[-88.7623990308178,29.3938188445585],[-88.7623990308178,29.3980067318938],[-88.7606056692189,29.3998388780312],[-88.7588123067217,29.4016709911576],[-88.7609045629684,29.4048116781473],[-88.7606056692189,29.4079522673323],[-88.7653879674149,29.4113544614194],[-88.7692735861589,29.411092757924],[-88.7755503531026,29.4129246658932],[-88.7800337584474,29.4118778656062],[-88.7791370771988,29.40899910805],[-88.780930439696,29.4053351160246],[-88.7839193762931,29.4021944452048],[-88.7845171637922,29.3987919414233],[-88.7866094200389,29.3966980358712],[-88.7892994628865,29.3977449940366],[-88.7916906119845,29.3995771448897],[-88.7940817619808,29.3987919414233],[-88.7985651673255,29.3966980358712],[-88.7970706985779,29.3998388780312],[-88.7997607414254,29.4048116781473],[-88.8015541039226,29.4042882367923],[-88.8066352967665,29.4006240734133],[-88.8078308717646,29.3969597764231],[-88.8078308717646,29.3917248350496],[-88.8096242333636,29.3867513887178],[-88.809325339614,29.3838719127268],[-88.806336403017,29.3807305728258],[-88.8024507851713,29.3791598657272],[-88.7973695923274,29.3796834379755],[-88.7931850807322,29.3809923552461],[-88.7949784432294,29.3838719127268],[-88.7928861869826,29.3864896218964],[-88.7892994628865,29.3875366867063],[-88.7901961441351,29.3825630332781],[-88.7910928244854,29.3760183788035],[-88.7916906119845,29.3728767933508],[-88.789598356636,29.3707823489226],[-88.7884027816379,29.3720913822292],[-88.7854138450408,29.3692114867364],[-88.7827238012949,29.3707823489226],[-88.7788381834492,29.3679024163997],[-88.7737569915037,29.3668551480121],[-88.7689746924094,29.3639751036226],[-88.7650890745637,29.3673787835524],[-88.7647901808141,29.3713059642652],[-88.7647901808141,29.3778509248874],[-88.7603067754694,29.378374503087],[-88.7579156254731,29.3752329919218],[-88.7576167317235,29.3705205402414],[-88.7597089879703,29.3689496740155],[-88.7603067754694,29.3658078688528],[-88.7626979245674,29.3621423054061],[-88.7623990308178,29.3584766084541],[-88.763594605816,29.357691084688],[-88.7677791174112,29.3584766084541],[-88.7680780111608,29.3561200181991],[-88.7689746924094,29.3540252259714],[-88.7713658415074,29.3545489282624],[-88.7737569915037,29.3529778133128],[-88.7767459281008,29.3498355099441],[-88.7785392896997,29.3500973718029],[-88.7824249084437,29.3490499187637],[-88.7836204825435,29.345383745984],[-88.7878049941388,29.3498355099441],[-88.7922883994835,29.356643709721],[-88.7961740173292,29.3579529263555],[-88.8012552101731,29.3592621261624],[-88.8060375092674,29.3587384481024],[-88.8126131699606,29.3584766084541],[-88.815004319957,29.3542870770619],[-88.815004319957,29.3480024541739],[-88.8147054262074,29.3430268497469],[-88.8147054262074,29.3390985677106],[-88.8108198083617,29.3398842363859],[-88.8111187021113,29.3435506093506],[-88.806934190516,29.344859995801],[-88.8039452530206,29.3419793232478],[-88.8015541039226,29.3375272121936],[-88.8018529976722,29.3343844277133],[-88.8018529976722,29.3304558095078],[-88.8018529976722,29.325741265987],[-88.8084286583654,29.3262651143966],[-88.8081297655142,29.3309796344839],[-88.8108198083617,29.3315034559861],[-88.8123142771094,29.3280985649909],[-88.8159010012056,29.3283604842612],[-88.8164987887046,29.3338606210115],[-88.8182921503036,29.3396223475003],[-88.8197866190513,29.3459074926923],[-88.8206833002999,29.3527159580741],[-88.8212810869006,29.3650224016317],[-88.8203844065503,29.3720913822292],[-88.8173954690549,29.3723531860878],[-88.8164987887046,29.3705205402414],[-88.8167976815559,29.3665933292321],[-88.815602107456,29.3655460473799],[-88.8132109574597,29.3650224016317],[-88.8129120637102,29.3663315097789],[-88.8114175958608,29.3644987539735],[-88.8060375092674,29.3642369291346],[-88.8051408280188,29.3676406003127],[-88.8078308717646,29.3684260465541],[-88.8114175958608,29.3684260465541],[-88.8144065324579,29.371620132178],[-88.8153032137065,29.3750235541878],[-88.8191888315522,29.3836624935534],[-88.8200855128008,29.3870655089537],[-88.8230744493979,29.3841860418528],[-88.8251667056446,29.3807829293637],[-88.826661173494,29.3818300529004],[-88.8269600672436,29.3870655089537],[-88.8272589609931,29.3925624443394],[-88.8275578547427,29.3962269013369],[-88.8245689181456,29.3980590795409],[-88.8212810869006,29.4001529570682],[-88.8203844065503,29.3977973418184],[-88.8200855128008,29.3951799267603],[-88.8173954690549,29.3959651588989],[-88.8141076387083,29.3985825529648],[-88.8153032137065,29.4014616086277],[-88.815602107456,29.4040788596521],[-88.8126131699606,29.4035554145241],[-88.8084286583654,29.4019850637528],[-88.8072330842656,29.4056491780835],[-88.8036463601694,29.4074811849444],[-88.8009563164236,29.4098365734877],[-88.7976684860769,29.4080046090765],[-88.7958751235797,29.409313158789],[-88.7931850807322,29.4111450988335],[-88.7934839744817,29.4142854899907],[-88.7922883994835,29.4171640962456],[-88.791989505734,29.4208276571444],[-88.7887016753874,29.4218743644549],[-88.7860116325399,29.4197809390502],[-88.7818271209446,29.4221360394018],[-88.7773437155998,29.4210893355699],[-88.7719636290064,29.4231827332322],[-88.7638934995655,29.4284160382663],[-88.7594100942207,29.434172359084],[-88.7585134129721,29.4425446005347],[-88.7600078817198,29.4498697396308],[-88.7576167317235,29.4496081369314],[-88.7555244763751,29.4417597329865],[-88.7489488147835,29.4320791894791],[-88.7453620906874,29.4234444048091]]]},"properties":{"objectid":47,"id":0,"area":39.23862072,"Shape__Area":39439402.57421875,"Shape__Length":84088.659677396572}},{"type":"Feature","id":48,"geometry":{"type":"Polygon","coordinates":[[[-88.7674802236617,29.40899910805],[-88.7680780111608,29.4048116781473],[-88.7695724799084,29.4014092627321],[-88.7704691602588,29.4050733978141],[-88.7701702665092,29.4079522673323],[-88.7674802236617,29.40899910805]]]},"properties":{"objectid":48,"id":0,"area":0.18488104000000002,"Shape__Area":185826.638671875,"Shape__Length":2180.7794019271041}},{"type":"Feature","id":49,"geometry":{"type":"Polygon","coordinates":[[[-88.7761481406017,29.4108310545373],[-88.7752514593531,29.4095225251484],[-88.7755503531026,29.4079522673323],[-88.7767459281008,29.40899910805],[-88.7761481406017,29.4108310545373]]]},"properties":{"objectid":49,"id":0,"area":0.03265863,"Shape__Area":32825.666015625,"Shape__Length":830.21385495858556}},{"type":"Feature","id":50,"geometry":{"type":"Polygon","coordinates":[[[-88.8167976815559,29.4074288421481],[-88.8176943628045,29.4024561716092],[-88.8221777681492,29.4029796223967],[-88.8215799806502,29.4069054150513],[-88.8200855128008,29.4076905550772],[-88.8167976815559,29.4074288421481]]]},"properties":{"objectid":50,"id":0,"area":0.31274787000000004,"Shape__Area":314347.548828125,"Shape__Length":2214.5962510133504}},{"type":"Feature","id":51,"geometry":{"type":"Polygon","coordinates":[[[-88.8362257716826,29.3987919414233],[-88.8314434725883,29.3904160574107],[-88.834731302935,29.3898925411705],[-88.8383180270311,29.3969597764231],[-88.8362257716826,29.3987919414233]]]},"properties":{"objectid":51,"id":0,"area":0.36367319000000004,"Shape__Area":365533.68359375,"Shape__Length":2884.85772513005}},{"type":"Feature","id":52,"geometry":{"type":"Polygon","coordinates":[[[-88.7794359709483,29.3833483628111],[-88.7773437155998,29.3830865872345],[-88.7755503531026,29.3799452223068],[-88.7734580977542,29.3775891343862],[-88.7716647352569,29.3754947877005],[-88.7683769049103,29.3752329919218],[-88.7677791174112,29.3713059642652],[-88.7683769049103,29.3694732987839],[-88.7707680540083,29.3679024163997],[-88.772262522756,29.3681642318136],[-88.774653671854,29.3744475981972],[-88.7794359709483,29.3833483628111]]]},"properties":{"objectid":52,"id":0,"area":0.82255457,"Shape__Area":826764.373046875,"Shape__Length":5119.0265419635816}},{"type":"Feature","id":53,"geometry":{"type":"Polygon","coordinates":[[[-88.774653671854,29.3995771448897],[-88.7713658415074,29.3985302055871],[-88.7689746924094,29.3948658323639],[-88.7677791174112,29.3917248350496],[-88.7692735861589,29.3891072629328],[-88.7716647352569,29.3862278544015],[-88.772262522756,29.3883219778504],[-88.7731592040046,29.3912013263278],[-88.7734580977542,29.3953893230075],[-88.774653671854,29.3995771448897]]]},"properties":{"objectid":53,"id":0,"area":0.65926144,"Shape__Area":662634.212890625,"Shape__Length":3923.0404832127779}},{"type":"Feature","id":54,"geometry":{"type":"Polygon","coordinates":[[[-88.7346019183989,29.4160650020611],[-88.7325096621521,29.4129246658932],[-88.7301185130541,29.4097842319043],[-88.7304174068037,29.4063819844767],[-88.731314087154,29.40088580386],[-88.7286240443064,29.3946040864229],[-88.7268306827075,29.3901543000188],[-88.731911874653,29.3959128101739],[-88.7346019183989,29.3980067318938],[-88.7360963862483,29.3953893230075],[-88.7387864299941,29.392510093863],[-88.740579791593,29.3880602142874],[-88.7408786853426,29.3841336870658],[-88.7417753665912,29.3778509248874],[-88.7456609844369,29.378636291568],[-88.748649921034,29.378374503087],[-88.7480521344332,29.3846572329406],[-88.7435687290884,29.392510093863],[-88.738188642495,29.4045499578066],[-88.7346019183989,29.4160650020611]]]},"properties":{"objectid":54,"id":0,"area":3.5531479100000003,"Shape__Area":3571324.986328125,"Shape__Length":13521.709222301168}},{"type":"Feature","id":55,"geometry":{"type":"Polygon","coordinates":[[[-88.7531333263787,29.3775891343862],[-88.7501443897817,29.376280173345],[-88.7501443897817,29.3728767933508],[-88.7537311138778,29.3728767933508],[-88.7567200513732,29.3765419664303],[-88.7531333263787,29.3775891343862]]]},"properties":{"objectid":55,"id":0,"area":0.30665897000000003,"Shape__Area":308228.43359375,"Shape__Length":2201.885245448907}},{"type":"Feature","id":56,"geometry":{"type":"Polygon","coordinates":[[[-88.8176943628045,29.3260031905281],[-88.815004319957,29.3178832036757],[-88.8167976815559,29.3129061144916],[-88.8185910440531,29.3108104248295],[-88.8209821940494,29.3152637132324],[-88.8212810869006,29.3178832036757],[-88.8206833002999,29.3218123108893],[-88.8209821940494,29.3249554867614],[-88.8176943628045,29.3260031905281]]]},"properties":{"objectid":56,"id":0,"area":0.88621122,"Shape__Area":890751.796875,"Shape__Length":4341.2423534683639}},{"type":"Feature","id":57,"geometry":{"type":"Polygon","coordinates":[[[-88.824270024396,29.3113343506922],[-88.8188899378027,29.3013792821515],[-88.8164987887046,29.2990213595511],[-88.815004319957,29.2943053478583],[-88.8182921503036,29.2961393789827],[-88.8206833002999,29.2982353729888],[-88.8239711306465,29.2977113783249],[-88.824270024396,29.3011172936147],[-88.826063385995,29.306880889251],[-88.824270024396,29.3113343506922]]]},"properties":{"objectid":57,"id":0,"area":0.96315273,"Shape__Area":968088.9453125,"Shape__Length":5416.12673750538}},{"type":"Feature","id":58,"geometry":{"type":"Polygon","coordinates":[[[-88.8108198083617,29.3053090318758],[-88.8090264458645,29.3039991321093],[-88.8072330842656,29.3008553044056],[-88.8120153833599,29.3003313231871],[-88.815004319957,29.3039991321093],[-88.8108198083617,29.3053090318758]]]},"properties":{"objectid":58,"id":0,"area":0.32326505000000005,"Shape__Area":324921.845703125,"Shape__Length":2314.5053853819004}},{"type":"Feature","id":59,"geometry":{"type":"Polygon","coordinates":[[[-88.8060375092674,29.3079287801981],[-88.8036463601694,29.3092386287531],[-88.800657422674,29.3084527216373],[-88.798266273576,29.3045230945029],[-88.7991629548246,29.3026892155344],[-88.8039452530206,29.304261114034],[-88.806934190516,29.3060949631974],[-88.8060375092674,29.3079287801981]]]},"properties":{"objectid":59,"id":0,"area":0.47271979000000003,"Shape__Area":475142.392578125,"Shape__Length":2714.5094517305361}},{"type":"Feature","id":60,"geometry":{"type":"Polygon","coordinates":[[[-88.798266273576,29.3108104248295],[-88.7949784432294,29.3095005964469],[-88.7863105262894,29.3074048360694],[-88.7824249084437,29.3092386287531],[-88.7794359709483,29.3121202356179],[-88.7761481406017,29.3155256654597],[-88.7695724799084,29.3191929228942],[-88.7662846486635,29.3150017603327],[-88.7656868611644,29.3084527216373],[-88.7686757986598,29.3084527216373],[-88.7716647352569,29.3115963130066],[-88.774653671854,29.3097625634683],[-88.7761481406017,29.3053090318758],[-88.7776426093494,29.3024272303591],[-88.7800337584474,29.3013792821515],[-88.783321588794,29.3026892155344],[-88.7863105262894,29.2990213595511],[-88.7898972503855,29.3016412707994],[-88.7907939316342,29.3029512008207],[-88.7907939316342,29.2982353729888],[-88.7937828682312,29.2958773762173],[-88.7961740173292,29.3013792821515],[-88.7988640610751,29.3076668084699],[-88.798266273576,29.3108104248295]]]},"properties":{"objectid":60,"id":0,"area":3.92955242,"Shape__Area":3949690.126953125,"Shape__Length":12628.230485532587}},{"type":"Feature","id":61,"geometry":{"type":"Polygon","coordinates":[[[-88.7632957120664,29.317621257501],[-88.7618012433188,29.3189309800823],[-88.7606056692189,29.3207645640755],[-88.7579156254731,29.3189309800823],[-88.7552255826255,29.323121979665],[-88.7489488147835,29.3223361802608],[-88.7447643031883,29.3194548650336],[-88.7408786853426,29.3228600469418],[-88.7402808978435,29.3280985649909],[-88.7354985987492,29.3320272755804],[-88.7346019183989,29.3364796283925],[-88.7304174068037,29.3370034216386],[-88.7310151943027,29.3312415455714],[-88.7346019183989,29.3244316308423],[-88.7363952799978,29.3199787465113],[-88.740579791593,29.318669037381],[-88.7414764728417,29.3129061144916],[-88.7408786853426,29.3079287801981],[-88.7384875362446,29.3037371502956],[-88.7426720478398,29.3058329867625],[-88.7456609844369,29.3118582746485],[-88.7498454960321,29.3168354157253],[-88.7522366460284,29.3152637132324],[-88.7522366460284,29.3097625634683],[-88.7564211576237,29.313953942792],[-88.7582145192226,29.3134300303783],[-88.7588123067217,29.3118582746485],[-88.7632957120664,29.317621257501]]]},"properties":{"objectid":61,"id":0,"area":4.0889707999999994,"Shape__Area":4109920.228515625,"Shape__Length":15853.958154557882}},{"type":"Feature","id":62,"geometry":{"type":"Polygon","coordinates":[[[-88.7268306827075,29.3024272303591],[-88.7241406389616,29.3026892155344],[-88.7235428514626,29.3011172936147],[-88.7223472773627,29.2961393789827],[-88.7259340014589,29.297187380972],[-88.7268306827075,29.3024272303591]]]},"properties":{"objectid":62,"id":0,"area":0.26182255000000004,"Shape__Area":263164.53515625,"Shape__Length":2259.2896977556356}},{"type":"Feature","id":63,"geometry":{"type":"Polygon","coordinates":[[[-88.7190594461178,29.2958773762173],[-88.7166682970198,29.2953533694531],[-88.7157716157712,29.2950913654545],[-88.7136793604227,29.2948293600002],[-88.7106904229273,29.2922092724033],[-88.7103915291778,29.2893270980195],[-88.7136793604227,29.2893270980195],[-88.7190594461178,29.2916852468177],[-88.7190594461178,29.2958773762173]]]},"properties":{"objectid":63,"id":0,"area":0.54744715,"Shape__Area":550253.423828125,"Shape__Length":3027.5372446664778}},{"type":"Feature","id":64,"geometry":{"type":"Polygon","coordinates":[[[-88.7041147622341,29.2903751706994],[-88.7023213997368,29.2880169908715],[-88.7071036988312,29.2893270980195],[-88.7041147622341,29.2903751706994]]]},"properties":{"objectid":64,"id":0,"area":0.06310311,"Shape__Area":63426.6015625,"Shape__Length":1277.7963218687853}},{"type":"Feature","id":65,"geometry":{"type":"Polygon","coordinates":[[[-88.726531788958,29.343390572371],[-88.7237670215501,29.3439106920274],[-88.7219736599512,29.3411609349698],[-88.7181627657675,29.3382146837021],[-88.7148002117589,29.335268345714],[-88.7109893166769,29.332714784176],[-88.7078509327558,29.3299647211977],[-88.7044883787473,29.3321254908185],[-88.7056092300835,29.335268345714],[-88.7029191872359,29.3378218432959],[-88.7000049743008,29.3390003591898],[-88.700453314476,29.3425358227718],[-88.6984357818911,29.3407681067009],[-88.6959699091312,29.3376254229166],[-88.6928315252102,29.3372325802397],[-88.6926073551226,29.3401788606758],[-88.6908139926254,29.3421429998017],[-88.6872272685292,29.342339411476],[-88.6858822471055,29.3415537625079],[-88.6818471828341,29.3393931942714],[-88.6789329690007,29.3399824448382],[-88.6744495636559,29.3395896120275],[-88.6713111797349,29.3364468911274],[-88.6692936471501,29.3329112140162],[-88.6755704149921,29.3338933591071],[-88.6764670962408,29.3311433286987],[-88.6793813091759,29.3336969303759],[-88.6816230118483,29.3336969303759],[-88.6816230118483,29.3309468954528],[-88.6820713529217,29.32701814324],[-88.6827438631845,29.3246608184806],[-88.6849855658568,29.3285896622878],[-88.6887964609389,29.3301611571188],[-88.6910381636113,29.3280003450911],[-88.6937282064588,29.3252501549741],[-88.6944007176198,29.3226963394314],[-88.6975391006425,29.322892788569],[-88.6984357818911,29.3236785836853],[-88.6982116118036,29.3199460039489],[-88.6970907604674,29.3162132860734],[-88.6970907604674,29.3109086612805],[-88.6970907604674,29.3058002396609],[-88.6986599519787,29.3018705096293],[-88.7038158684846,29.3022634892831],[-88.7049367198207,29.3050143060701],[-88.703591698397,29.3116945487011],[-88.7060575711569,29.3211247280118],[-88.7107651465893,29.3266252596943],[-88.7150243818465,29.3293754127304],[-88.7170419144313,29.3321254908185],[-88.7197319572788,29.332714784176],[-88.7224220001264,29.3315361948385],[-88.7237670215501,29.3317326269492],[-88.7253362139598,29.3348754947375],[-88.7266812353836,29.3360540446921],[-88.728922938056,29.3374290021589],[-88.7302513541217,29.3405971531127],[-88.7329081871515,29.3457183623558],[-88.7291886210894,29.3466494633057],[-88.726531788958,29.343390572371]]]},"properties":{"objectid":65,"id":0,"area":10.53739992,"Shape__Area":10591377.2109375,"Shape__Length":27063.477324074105}},{"type":"Feature","id":66,"geometry":{"type":"Polygon","coordinates":[[[-88.666379434215,29.3401788606758],[-88.6641377315426,29.3390003591898],[-88.6609993476216,29.3338933591071],[-88.6627927101189,29.3319290594646],[-88.6650344127913,29.3323219225771],[-88.6654827529664,29.3354647714178],[-88.6679486257264,29.3388039410814],[-88.666379434215,29.3401788606758]]]},"properties":{"objectid":66,"id":0,"area":0.38609140000000003,"Shape__Area":388068.85546875,"Shape__Length":2765.5439525308816}},{"type":"Feature","id":67,"geometry":{"type":"Polygon","coordinates":[[[-88.6899173122751,29.3022634892831],[-88.6899173122751,29.2999055871035],[-88.6926073551226,29.2993161026582],[-88.692383185035,29.3026564674243],[-88.6899173122751,29.3022634892831]]]},"properties":{"objectid":67,"id":0,"area":0.10368422000000001,"Shape__Area":104215.6171875,"Shape__Length":1315.9291711134636}},{"type":"Feature","id":68,"geometry":{"type":"Polygon","coordinates":[[[-88.6852844596064,29.4124012670974],[-88.6825944167588,29.4121395662975],[-88.6816977355102,29.4066437001009],[-88.683789991757,29.3993154110746],[-88.6819966292598,29.3961745527466],[-88.679904373013,29.3901543000188],[-88.6772143301655,29.3864896218964],[-88.6796054801618,29.3841336870658],[-88.6808010542616,29.3807305728258],[-88.6858822471055,29.3891072629328],[-88.6879745033522,29.4016709911576],[-88.6852844596064,29.4124012670974]]]},"properties":{"objectid":68,"id":0,"area":2.0768672599999998,"Shape__Area":2087491.986328125,"Shape__Length":8875.76646779987}},{"type":"Feature","id":69,"geometry":{"type":"Polygon","coordinates":[[[-88.9100857223652,29.1419941032976],[-88.912177978612,29.1396324704213],[-88.9151669152091,29.1370083699812],[-88.9166613839568,29.1383204289683],[-88.9124768723615,29.1427813014114],[-88.9100857223652,29.1419941032976]]]},"properties":{"objectid":69,"id":0,"area":0.20923663,"Shape__Area":210312.421875,"Shape__Length":2107.685808257319}},{"type":"Feature","id":70,"geometry":{"type":"Polygon","coordinates":[[[-88.9163624902072,29.1251990815289],[-88.9139713402109,29.1202125258008],[-88.9139713402109,29.1160131313904],[-88.9160635964577,29.1136508962067],[-88.9163624902072,29.117325460658],[-88.9169602777063,29.1225746087356],[-88.9172591714558,29.1241493002919],[-88.9163624902072,29.1251990815289]]]},"properties":{"objectid":70,"id":0,"area":0.30831958000000004,"Shape__Area":309905.49609375,"Shape__Length":3116.5050873607447}},{"type":"Feature","id":71,"geometry":{"type":"Polygon","coordinates":[[[-88.9002222313254,29.0860874353328],[-88.9008200188245,29.0768979587365],[-88.9002222313254,29.0747973907314],[-88.9029122741729,29.0755851085551],[-88.903510061672,29.0821491898283],[-88.9029122741729,29.0850372519345],[-88.9002222313254,29.0860874353328]]]},"properties":{"objectid":71,"id":0,"area":0.38581463000000005,"Shape__Area":387800.53515625,"Shape__Length":3304.5206709559907}},{"type":"Feature","id":72,"geometry":{"type":"Polygon","coordinates":[[[-88.8461224734386,29.1099761989398],[-88.854491496629,29.1007888753604],[-88.8586760082243,29.0955386048315],[-88.8547903903786,29.0910756620115],[-88.8512036662824,29.087400150112],[-88.8538937100283,29.080573848526],[-88.8529970287797,29.0705961246926],[-88.854491496629,29.0705961246926],[-88.8556870716272,29.0755851085551],[-88.8568826466254,29.0813615221884],[-88.8568826466254,29.0847747038231],[-88.8583771144747,29.0892379228514],[-88.8619638394692,29.0926508403425],[-88.8646538823167,29.0868750668361],[-88.871827330509,29.0766353898814],[-88.8757129483547,29.0695457810295],[-88.8754140546052,29.0621930741245],[-88.87989745995,29.0627182847547],[-88.87989745995,29.0703335397803],[-88.8790007795997,29.0755851085551],[-88.8742184805054,29.0816240789992],[-88.8655505635653,29.0926508403425],[-88.8589749019738,29.1013138876861],[-88.852100347531,29.1070888433897],[-88.8479158359358,29.1112886059988],[-88.8461224734386,29.1099761989398]]]},"properties":{"objectid":72,"id":0,"area":4.55061987,"Shape__Area":4574041.64453125,"Shape__Length":21423.139648380162}},{"type":"Feature","id":73,"geometry":{"type":"Polygon","coordinates":[[[-89.0014475596098,29.0286177334031],[-88.9998534596122,29.0198609416589],[-88.9998534596122,29.0097021226709],[-88.9970637855148,29.005498178844],[-88.9926800114199,29.0019947598438],[-88.9926800114199,28.9942868159411],[-88.9934770614187,28.9897318491449],[-88.9990564105118,28.9918341669902],[-89.0046357587065,28.9876294885578],[-89.0102151077996,28.9830742253699],[-89.0126062568976,28.9855270844454],[-89.0153959318933,28.9893814590747],[-89.0149974068939,28.9942868159411],[-89.0134033068964,28.9977904993406],[-89.0114106827978,29.0026954533019],[-89.0114106827978,29.0100524438647],[-89.0145988818945,29.0111033995335],[-89.0169900309925,29.0058485142906],[-89.0225693800856,28.9970897718459],[-89.0245620050826,28.9900822388135],[-89.0285472541781,28.9879798845642],[-89.0261561041818,28.9851766793429],[-89.0265546291812,28.976416168338],[-89.0265546291812,28.9722108568461],[-89.0317354532749,28.9711595018762],[-89.0365177523692,28.9683558361429],[-89.0436912005615,28.9659025652427],[-89.0504661246527,28.9620473072175],[-89.0556469478481,28.9560888962817],[-89.0588351478432,28.9525837863319],[-89.06202334694,28.9445215795621],[-89.0680012210324,28.9417171846299],[-89.0699938451311,28.9452226654516],[-89.0731820442278,28.9490785569649],[-89.0791599183203,28.9473258970113],[-89.084340742414,28.9515322296633],[-89.0891230415083,28.9511817086631],[-89.086731891512,28.9466248245694],[-89.0915141906063,28.9413666296313],[-89.0951009147025,28.9424182902828],[-89.0931082906039,28.9466248245694],[-89.0927097656045,28.9490785569649],[-89.0970935396994,28.9522332688907],[-89.0966950147,28.9557383907039],[-89.0939053397043,28.959593886019],[-89.0919127156057,28.9634492361964],[-89.1010787887949,28.9592433923057],[-89.0998832137968,28.9620473072175],[-89.0879274665102,28.9669539744017],[-89.0839422174146,28.9701081362251],[-89.0835436924152,28.9680053720947],[-89.084340742414,28.9634492361964],[-89.0887245165089,28.9585424013198],[-89.0903186156081,28.9553878839399],[-89.0891230415083,28.9550373759894],[-89.0803554933185,28.9616968218099],[-89.0715879451286,28.9690567598932],[-89.0683997451335,28.9729117537014],[-89.0715879451286,28.9753648568809],[-89.0735805692272,28.9795700386145],[-89.0735805692272,28.9834246375952],[-89.0731820442278,28.9855270844454],[-89.0727835192284,28.9900822388135],[-89.0715879451286,28.9925349301068],[-89.0676026960331,28.9991919385087],[-89.0683997451335,29.004797504388],[-89.0691967951323,29.009351801075],[-89.0707908951298,29.0019947598438],[-89.0731820442278,29.0030457982496],[-89.0755731942241,28.9981408609138],[-89.0775658183227,28.9991919385087],[-89.0819495924177,29.005498178844],[-89.0827466424165,29.0097021226709],[-89.0855363165138,29.0030457982496],[-89.0875289415108,28.9988415804978],[-89.0899200906088,28.9907830138032],[-89.0935068156032,28.9897318491449],[-89.0951009147025,28.9967394067102],[-89.0943038647037,28.9998926509677],[-89.1014773137943,28.9925349301068],[-89.1030714128935,28.9974401357941],[-89.0994846887974,29.0019947598438],[-89.0970935396994,29.0040968259669],[-89.0966950147,29.0086511535342],[-89.0931082906039,29.0114537151905],[-89.0899200906088,29.0125046566055],[-89.0899200906088,29.0177592001731],[-89.0875289415108,29.0223129192053],[-89.0811525424189,29.0219626403752],[-89.076768768324,29.0226631968474],[-89.0715879451286,29.0251151070743],[-89.0640159710386,29.024414567236],[-89.0624218719394,29.0202112276175],[-89.0612262969412,29.0149568103559],[-89.0608277719418,29.0079505004569],[-89.0592336728426,29.0040968259669],[-89.0564439978469,29.0009437107497],[-89.0528572737507,29.0086511535342],[-89.0484734996558,29.0170586096501],[-89.0409015264641,29.0251151070743],[-89.0420971014623,29.0177592001731],[-89.0416985764629,29.0114537151905],[-89.0393074264666,29.0111033995335],[-89.035322177371,29.0149568103559],[-89.0325325032736,29.0247648377492],[-89.0321339782743,29.0300187505067],[-89.0357207023704,29.0363230902168],[-89.0385103764678,29.0328207268891],[-89.0416985764629,29.0314197485973],[-89.045285300559,29.0272166972874],[-89.052060223752,29.0240642955345],[-89.0584366228438,29.0268664350915],[-89.0596321969437,29.0324704844915],[-89.0536543237495,29.0331709688839],[-89.0484734996558,29.0324704844915],[-89.0464808755572,29.0345719234082],[-89.0536543237495,29.0359728589177],[-89.0536543237495,29.0394751137133],[-89.049669074654,29.0436776603802],[-89.0393074264666,29.0492807875812],[-89.0385103764678,29.0524324113241],[-89.0309384032761,29.0622368417792],[-89.0197797059882,29.0643376681396],[-89.0118092077972,29.063287259918],[-89.0086210078021,29.05383310199],[-89.0082224828027,29.0478800350959],[-89.0118092077972,29.0464792628052],[-89.010613632799,29.0405257668186],[-89.0094180578009,29.0363230902168],[-89.0090195328015,29.0328207268891],[-89.0054328087053,29.0300187505067],[-89.0014475596098,29.0286177334031]]]},"properties":{"objectid":73,"id":0,"area":81.63402062,"Shape__Area":82054855.70703125,"Shape__Length":92695.975976813716}},{"type":"Feature","id":74,"geometry":{"type":"Polygon","coordinates":[[[-89.0863333665126,29.0524324113241],[-89.0875289415108,29.0422768310324],[-89.0939053397043,29.0328207268891],[-89.0986876387986,29.0370235476785],[-89.0966950147,29.0419266207239],[-89.0931082906039,29.0482302251968],[-89.0915141906063,29.0506815218311],[-89.0863333665126,29.0524324113241]]]},"properties":{"objectid":74,"id":0,"area":1.73785718,"Shape__Area":1746809.369140625,"Shape__Length":5988.8609073911985}},{"type":"Feature","id":75,"geometry":{"type":"Polygon","coordinates":[[[-89.0939053397043,29.0303690020081],[-89.0943038647037,29.024414567236],[-89.1018758387937,29.0205615123881],[-89.1034699378929,29.021262078365],[-89.0998832137968,29.0289679896578],[-89.0986876387986,29.0300187505067],[-89.0939053397043,29.0303690020081]]]},"properties":{"objectid":75,"id":0,"area":0.77839469,"Shape__Area":782405.65234375,"Shape__Length":3715.3106397738279}},{"type":"Feature","id":76,"geometry":{"type":"Polygon","coordinates":[[[-89.0014475596098,28.9297976525171],[-89.0022446096085,28.9224348963397],[-89.0110121577984,28.9266422503946],[-89.0086210078021,28.9304988395966],[-89.0038387087078,28.9315506113228],[-89.0014475596098,28.9297976525171]]]},"properties":{"objectid":76,"id":0,"area":0.7616656100000001,"Shape__Area":765597.841796875,"Shape__Length":3507.9329168095128}},{"type":"Feature","id":77,"geometry":{"type":"Polygon","coordinates":[[[-89.0277502041793,28.9666035056067],[-89.0257575791824,28.9627482744731],[-89.0225693800856,28.9620473072175],[-89.0241634800832,28.9574909059424],[-89.0217723300869,28.9518827502631],[-89.0281487291787,28.9522332688907],[-89.035322177371,28.9525837863319],[-89.039705951466,28.9511817086631],[-89.0436912005615,28.9546868668525],[-89.0428941505627,28.957841405588],[-89.0420971014623,28.9637997156711],[-89.0409015264641,28.965201620132],[-89.0361192273698,28.9655520936736],[-89.0321339782743,28.9666035056067],[-89.0277502041793,28.9666035056067]]]},"properties":{"objectid":77,"id":0,"area":3.59872238,"Shape__Area":3617290.166015625,"Shape__Length":7814.0675707683286}},{"type":"Feature","id":78,"geometry":{"type":"Polygon","coordinates":[[[-89.047078662158,28.956307961567],[-89.0455841943086,28.9552564434992],[-89.0443886193104,28.9531533745455],[-89.0443886193104,28.9476326148601],[-89.0455841943086,28.9442148525022],[-89.0485731309057,28.9410598932312],[-89.0500675996533,28.9379048378928],[-89.0458830880581,28.9342238166231],[-89.0443886193104,28.9336979456565],[-89.0512631737532,28.9326461957192],[-89.0569421540961,28.9336979456565],[-89.0560454728475,28.937378985604],[-89.0518609612523,28.9413228107627],[-89.0479753434066,28.9478955149259],[-89.0491709184047,28.9536791459844],[-89.047078662158,28.956307961567]]]},"properties":{"objectid":78,"id":0,"area":1.63791317,"Shape__Area":1646366.7109375,"Shape__Length":8147.8996856600061}},{"type":"Feature","id":79,"geometry":{"type":"Polygon","coordinates":[[[-89.1548796520339,29.0744910540906],[-89.1508944029383,29.0762415361293],[-89.1401342306499,29.0734407509082],[-89.1293740574631,29.0674888270172],[-89.1293740574631,29.0615365562892],[-89.1345548815568,29.0562842639003],[-89.1385401306523,29.0601359718252],[-89.133757831558,29.0611864121532],[-89.1357504565549,29.0685391916417],[-89.1489017788397,29.0702897755632],[-89.1548796520339,29.0744910540906]]]},"properties":{"objectid":79,"id":0,"area":2.00158636,"Shape__Area":2011891.888671875,"Shape__Length":9312.53714835053}},{"type":"Feature","id":80,"geometry":{"type":"Polygon","coordinates":[[[-89.1532855529347,29.0664384516895],[-89.1496988279402,29.0643376681396],[-89.1564737520314,29.0629371217275],[-89.1588649011294,29.0646878015734],[-89.1532855529347,29.0664384516895]]]},"properties":{"objectid":80,"id":0,"area":0.23420725,"Shape__Area":235413.19140625,"Shape__Length":2262.7340495702829}},{"type":"Feature","id":81,"geometry":{"type":"Polygon","coordinates":[[[-89.1584663761301,29.023714022645],[-89.1469091538428,29.0268664350915],[-89.1401342306499,29.0317699953455],[-89.1289755324637,29.0349221594609],[-89.1194109351734,29.0352723935399],[-89.1142301110797,29.0289679896578],[-89.119012410174,29.0286177334031],[-89.1241932333694,29.0321202401199],[-89.1285770074643,29.0317699953455],[-89.1417283297491,29.0265161717073],[-89.1552781770333,29.0170586096501],[-89.1576693270296,29.0156574151342],[-89.1612560511257,29.0226631968474],[-89.1584663761301,29.023714022645]]]},"properties":{"objectid":81,"id":0,"area":2.93841537,"Shape__Area":2953556.46484375,"Shape__Length":12614.655051920578}},{"type":"Feature","id":82,"geometry":{"type":"Polygon","coordinates":[[[-89.1405327556493,29.0142562008258],[-89.1293740574631,29.0146065065776],[-89.1162227351783,29.0118040304452],[-89.1170197851771,29.0072498434141],[-89.1281784824649,29.0118040304452],[-89.1241932333694,29.0044471653784],[-89.1293740574631,28.9988415804978],[-89.1361489815544,29.0016444113334],[-89.1369460306548,28.9984912212996],[-89.1433224297467,29.0002430054159],[-89.1469091538428,29.0044471653784],[-89.1445180047448,29.0111033995335],[-89.1405327556493,29.0142562008258]]]},"properties":{"objectid":82,"id":0,"area":4.33775451,"Shape__Area":4360114.498046875,"Shape__Length":10803.980014339702}},{"type":"Feature","id":83,"geometry":{"type":"Polygon","coordinates":[[[-89.1301711074619,28.9637997156711],[-89.1317652074594,28.965201620132],[-89.1309681574606,28.9711595018762],[-89.133757831558,28.9774674691128],[-89.1389386556517,28.9802708856191],[-89.1417283297491,28.9774674691128],[-89.1421268547485,28.9732622003488],[-89.1485032538403,28.9715099544576],[-89.1648427752219,28.9722108568461],[-89.1736103234118,28.9795700386145],[-89.1791896725048,28.9851766793429],[-89.1775955725073,28.9970897718459],[-89.1799867216053,29.005498178844],[-89.1688280243174,28.9998926509677],[-89.1608575261264,28.9960386728766],[-89.1552781770333,28.9918341669902],[-89.1552781770333,28.9900822388135],[-89.1584663761301,28.986578291844],[-89.1668353993205,28.9858774883607],[-89.1720162234142,28.986227890303],[-89.1748058984099,28.9834246375952],[-89.1712191734154,28.9816725645981],[-89.1612560511257,28.9820229815716],[-89.148104728841,28.986227890303],[-89.1409312797503,28.9844758663623],[-89.1329607815592,28.9820229815716],[-89.1289755324637,28.9809717278756],[-89.1222006092708,28.9753648568809],[-89.1241932333694,28.9694072195953],[-89.1301711074619,28.9637997156711]]]},"properties":{"objectid":83,"id":0,"area":11.25769319,"Shape__Area":11315750.5,"Shape__Length":25265.584672826975}},{"type":"Feature","id":84,"geometry":{"type":"Polygon","coordinates":[[[-89.1919424697902,28.9750144165688],[-89.1899498447933,28.9746639758557],[-89.1803852466047,28.9637997156711],[-89.1676324493193,28.9532848176555],[-89.1712191734154,28.9518827502631],[-89.1791896725048,28.9599443785458],[-89.1907468947921,28.9680053720947],[-89.1943336188882,28.9729117537014],[-89.1919424697902,28.9750144165688]]]},"properties":{"objectid":84,"id":0,"area":1.5272674700000002,"Shape__Area":1535146.56640625,"Shape__Length":8479.0225905741536}},{"type":"Feature","id":85,"geometry":{"type":"Polygon","coordinates":[[[-89.2042967420763,28.958892897406],[-89.2007100179801,28.9553878839399],[-89.2007100179801,28.9529343025869],[-89.2054923161761,28.9557383907039],[-89.2042967420763,28.958892897406]]]},"properties":{"objectid":85,"id":0,"area":0.1918925,"Shape__Area":192882.603515625,"Shape__Length":1974.3652411895118}},{"type":"Feature","id":86,"geometry":{"type":"Polygon","coordinates":[[[-89.209876090271,28.9546868668525],[-89.2090790411706,28.9494290850825],[-89.2142598643659,28.9497796120139],[-89.2158539643635,28.9539858442337],[-89.211868715268,28.9557383907039],[-89.209876090271,28.9546868668525]]]},"properties":{"objectid":86,"id":0,"area":0.42905194,"Shape__Area":431265.951171875,"Shape__Length":2572.5106346650682}},{"type":"Feature","id":87,"geometry":{"type":"Polygon","coordinates":[[[-89.1118389610834,29.114044606099],[-89.1094478119854,29.1157944079565],[-89.1058610878892,29.11824408087],[-89.0970935396994,29.1203437539665],[-89.0911156656069,29.1206936954463],[-89.0875289415108,29.1175441808365],[-89.0871304165114,29.1136946419991],[-89.0895215656094,29.1087950180392],[-89.0895215656094,29.1024951552359],[-89.1002817387962,29.0993450780499],[-89.1130345360815,29.1042451566365],[-89.1118389610834,29.114044606099]]]},"properties":{"objectid":87,"id":0,"area":5.85026101,"Shape__Area":5880357.396484375,"Shape__Length":9142.6621460856677}},{"type":"Feature","id":88,"geometry":{"type":"Polygon","coordinates":[[[-89.0572410478457,29.1220934478897],[-89.0548498987477,29.1192939231683],[-89.0572410478457,29.1115948316161],[-89.0632189219381,29.1143945690083],[-89.0648130210374,29.1199938112961],[-89.0572410478457,29.1220934478897]]]},"properties":{"objectid":88,"id":0,"area":0.9427334,"Shape__Area":947582.533203125,"Shape__Length":3836.1866034169861}},{"type":"Feature","id":89,"geometry":{"type":"Polygon","coordinates":[[[-89.0337280782718,29.1353901411703],[-89.0345251273722,29.1315412773876],[-89.047676449657,29.1203437539665],[-89.0472779246576,29.1231432501127],[-89.0436912005615,29.1325909815874],[-89.0337280782718,29.1353901411703]]]},"properties":{"objectid":89,"id":0,"area":1.120849,"Shape__Area":1126613.08984375,"Shape__Length":5335.8225351075025}},{"type":"Feature","id":90,"geometry":{"type":"Polygon","coordinates":[[[-89.0317354532749,29.2424001457834],[-89.0381118514684,29.2319139569737],[-89.0488720246552,29.2165322512928],[-89.0608277719418,29.205693739246],[-89.0739790942266,29.1976515136648],[-89.0875289415108,29.1934553175262],[-89.0815510674183,29.1962528009605],[-89.0680012210324,29.2021971979753],[-89.0568425228463,29.2116375825219],[-89.0464808755572,29.2235242253503],[-89.0365177523692,29.2371571872238],[-89.0337280782718,29.2437982222359],[-89.0317354532749,29.2424001457834]]]},"properties":{"objectid":90,"id":0,"area":1.79394884,"Shape__Area":1803158.86328125,"Shape__Length":18447.693767363926}},{"type":"Feature","id":91,"geometry":{"type":"Polygon","coordinates":[[[-89.0390761839428,29.3276625715126],[-89.0315189709695,29.3152448488112],[-89.0324636222543,29.3119331982552],[-89.0390761839428,29.3135890365759],[-89.0456887456312,29.320212121163],[-89.0390761839428,29.3276625715126]]]},"properties":{"objectid":91,"id":0,"area":1.5757984299999999,"Shape__Area":1583871.935546875,"Shape__Length":5320.2640540441143}},{"type":"Feature","id":92,"geometry":{"type":"Polygon","coordinates":[[[-89.0493492708195,29.3155294384905],[-89.0392533056657,29.3094752623002],[-89.0429728717277,29.3062151707629],[-89.0472238038567,29.3071466363371],[-89.0504120038518,29.311803834351],[-89.0493492708195,29.3155294384905]]]},"properties":{"objectid":92,"id":0,"area":0.74876343,"Shape__Area":752600.353515625,"Shape__Length":3621.5399964843082}},{"type":"Feature","id":93,"geometry":{"type":"Polygon","coordinates":[[[-89.0578511350776,29.2978315957621],[-89.0567884020454,29.2903789446598],[-89.0605079681074,29.2885156959293],[-89.0652902672017,29.292242158618],[-89.0716666653952,29.2913105562793],[-89.0716666653952,29.2969000444113],[-89.0652902672017,29.3020234697098],[-89.0615707011397,29.301557714611],[-89.0578511350776,29.2978315957621]]]},"properties":{"objectid":93,"id":0,"area":1.8876536,"Shape__Area":1897329.505859375,"Shape__Length":5597.2514594991835}},{"type":"Feature","id":94,"geometry":{"type":"Polygon","coordinates":[[[-89.3984570966195,29.4574655086111],[-89.3910179653937,29.4644408077073],[-89.3835788332696,29.4611857287094],[-89.3899552314632,29.4574655086111],[-89.396331630555,29.4523499821327],[-89.3984570966195,29.4574655086111]]]},"properties":{"objectid":94,"id":0,"area":1.07066173,"Shape__Area":1076132.16796875,"Shape__Length":4658.8981057745095}},{"type":"Feature","id":95,"geometry":{"type":"Polygon","coordinates":[[[-89.5084499730938,29.4304897948262],[-89.5026049418655,29.4169992218035],[-89.5031363079325,29.4081595900956],[-89.5068558739945,29.4058332417973],[-89.5132322721881,29.4118816350687],[-89.5089813400591,29.4165339976509],[-89.5089813400591,29.4216513477428],[-89.5084499730938,29.4304897948262]]]},"properties":{"objectid":95,"id":0,"area":1.75294617,"Shape__Area":1761910.220703125,"Shape__Length":7078.1723240707843}},{"type":"Feature","id":96,"geometry":{"type":"Polygon","coordinates":[[[-89.2746536099004,29.0224648140496],[-89.27495250365,29.0140578018799],[-89.2791370152452,29.0140578018799],[-89.2800336955955,29.0093285539935],[-89.2770447589984,29.0011832257006],[-89.2785392277461,28.9996066352801],[-89.2824248455918,29.0040735777032],[-89.28362042059,29.0088030684687],[-89.2863104634375,29.0127441439758],[-89.2901960812832,29.0161596202517],[-89.2881038259348,29.0208885522759],[-89.2863104634375,29.0250918635403],[-89.2812292705937,29.0208885522759],[-89.2812292705937,29.0182613942863],[-89.2776425464975,29.0203631263384],[-89.2746536099004,29.0224648140496]]]},"properties":{"objectid":96,"id":0,"area":2.4029,"Shape__Area":2415284.646484375,"Shape__Length":9262.0053586285321}},{"type":"Feature","id":97,"geometry":{"type":"Polygon","coordinates":[[[-89.2692735233071,28.9756920405747],[-89.26628458671,28.9722752137993],[-89.2621000751147,28.9675440348716],[-89.2573177760204,28.9649155077195],[-89.2552255197737,28.9672811854745],[-89.2477531778318,28.965178363124],[-89.2435686662366,28.9614983212193],[-89.2486498590804,28.9557151315701],[-89.2558233072727,28.9562408892168],[-89.2606056063671,28.9562408892168],[-89.2644912242127,28.9522976382643],[-89.2755502911491,28.9580810211376],[-89.2809303768441,28.9678068836011],[-89.2809303768441,28.9735893914772],[-89.2794359089948,28.9804228430463],[-89.2764469714994,28.9783202908769],[-89.2692735233071,28.9756920405747]]]},"properties":{"objectid":97,"id":0,"area":7.1184736100000006,"Shape__Area":7155197.82421875,"Shape__Length":12499.133887146725}},{"type":"Feature","id":98,"geometry":{"type":"Polygon","coordinates":[[[-89.4306761139223,29.062519979738],[-89.4163292175376,29.049563962684],[-89.4059675693502,29.0418596046914],[-89.3991926461573,29.0232967204822],[-89.3960044461622,29.0176921684506],[-89.4047719943521,29.0299517267418],[-89.4079601943472,29.0373067564228],[-89.4107498684446,29.0418596046914],[-89.4242997157287,29.0534159231701],[-89.4322702139198,29.0572677382286],[-89.4354584130166,29.0607692630803],[-89.4306761139223,29.062519979738]]]},"properties":{"objectid":98,"id":0,"area":2.21808046,"Shape__Area":2229505.314453125,"Shape__Length":14856.201792613989}},{"type":"Feature","id":99,"geometry":{"type":"Polygon","coordinates":[[[-89.4625581075849,29.1479184599008],[-89.4597684325892,29.1440700699959],[-89.45817433349,29.1384721513009],[-89.4617610575861,29.1398716601502],[-89.4625581075849,29.1479184599008]]]},"properties":{"objectid":99,"id":0,"area":0.26274511,"Shape__Area":264095.96484375,"Shape__Length":2782.4938035262803}},{"type":"Feature","id":100,"geometry":{"type":"Polygon","coordinates":[[[-89.5139678217259,29.096827970983],[-89.5143663467253,29.092277575099],[-89.5171560208227,29.092627612812],[-89.517554545822,29.0964779475495],[-89.5139678217259,29.096827970983]]]},"properties":{"objectid":100,"id":0,"area":0.18894031,"Shape__Area":189912.5703125,"Shape__Length":1789.3873499420361}},{"type":"Feature","id":101,"geometry":{"type":"Polygon","coordinates":[[[-89.4565802334924,29.1314743204235],[-89.4525949843969,29.1314743204235],[-89.4506023602983,29.126225631317],[-89.4494067853001,29.1139776377425],[-89.4533920343957,29.1108279151537],[-89.4565802334924,29.1209766711506],[-89.4565802334924,29.1314743204235]]]},"properties":{"objectid":101,"id":0,"area":1.50758619,"Shape__Area":1515340.04296875,"Shape__Length":5991.66927751675}},{"type":"Feature","id":102,"geometry":{"type":"Polygon","coordinates":[[[-89.4609640075874,28.9443843906837],[-89.4580946286698,28.9441039546281],[-89.4536311497546,28.9438235170273],[-89.4545876093938,28.9415799920381],[-89.4568193488514,28.9407386580356],[-89.4552252488538,28.9370927955365],[-89.4498053102995,28.9323249336564],[-89.4408783524692,28.9300811573623],[-89.4462982910236,28.9281178133625],[-89.459688727769,28.9340077338064],[-89.4609640075874,28.9443843906837]]]},"properties":{"objectid":102,"id":0,"area":1.34588477,"Shape__Area":1352831.96484375,"Shape__Length":7429.41791628431}},{"type":"Feature","id":103,"geometry":{"type":"Polygon","coordinates":[[[-89.4491676699412,28.8574124057306],[-89.4507617699387,28.8551669932565],[-89.4510805901179,28.8551669932565],[-89.4507617699387,28.8557283509209],[-89.4542687892147,28.8546056325615],[-89.4549064286747,28.8582544233004],[-89.4520370497571,28.8590964332642],[-89.4491676699412,28.8574124057306]]]},"properties":{"objectid":103,"id":0,"area":0.23113697,"Shape__Area":232331.884765625,"Shape__Length":2057.4483878955689}},{"type":"Feature","id":104,"geometry":{"type":"Polygon","coordinates":[[[-89.5095441947717,28.9996241529613],[-89.5095441947717,28.9948942382207],[-89.5038054360382,28.9885873438945],[-89.5054194624654,28.9868528797695],[-89.5073921601343,28.9901641039334],[-89.5100822038802,28.9937905593661],[-89.5111582211989,28.9967862302438],[-89.5106202120904,28.9994664929377],[-89.5095441947717,28.9996241529613]]]},"properties":{"objectid":104,"id":0,"area":0.28535889999999997,"Shape__Area":286830.3046875,"Shape__Length":3805.2527271254944}},{"type":"Feature","id":105,"geometry":{"type":"Polygon","coordinates":[[[-89.9285075350425,29.2446064223274],[-89.9297828148609,29.2423695088152],[-89.9340337469899,29.2405053763492],[-89.9370094001989,29.2427423313907],[-89.9331835607438,29.2431151518241],[-89.9285075350425,29.2446064223274]]]},"properties":{"objectid":105,"id":0,"area":0.19593809,"Shape__Area":196943.4609375,"Shape__Length":2268.3345445039877}},{"type":"Feature","id":106,"geometry":{"type":"Polygon","coordinates":[[[-89.959964435133,29.252062444933],[-89.9608146213791,29.2483345023314],[-89.9680412067171,29.2431151518241],[-89.9693164865354,29.2397597135424],[-89.9693164865354,29.2352856226236],[-89.9688913929632,29.2311841992631],[-89.9693164865354,29.2267097296408],[-89.9680412067171,29.2244724203354],[-89.9659157406526,29.2315570625792],[-89.9561385956778,29.2308113338052],[-89.9527378497949,29.2267097296408],[-89.9467865442753,29.2252181952733],[-89.9336086534177,29.2233537473542],[-89.9246816955874,29.2226079588398],[-89.9293577212887,29.2252181952733],[-89.9246816955874,29.2259639655645],[-89.9251067891597,29.2300656003838],[-89.9272322552242,29.2349127728866],[-89.9234064157691,29.2360313180236],[-89.9161798304311,29.2375226925276],[-89.9085281524192,29.2337942147442],[-89.8991761010166,29.2345399217918],[-89.8902491431864,29.2371498509387],[-89.8813221844577,29.2397597135424],[-89.8719701339536,29.2382683716314],[-89.8621929889788,29.2371498509387],[-89.8494401916934,29.2401325456248],[-89.8311611824606,29.2423695088152],[-89.8145825457201,29.2446064223274],[-89.7958784429151,29.2487073031746],[-89.7848260190203,29.252808017309],[-89.773348500655,29.2531808010674],[-89.7673971960336,29.2498256959863],[-89.7648466363969,29.2498256959863],[-89.7559196776683,29.252808017309],[-89.754219305176,29.2554174758729],[-89.7474178134103,29.2583996326063],[-89.7406163216445,29.2572813343146],[-89.7325395500604,29.2569085655002],[-89.7265882445407,29.252808017309],[-89.7214871252672,29.2479617009137],[-89.724037684904,29.2431151518241],[-89.7316893629159,29.2423695088152],[-89.7368967555824,29.2460510698791],[-89.7416790546768,29.2463306768786],[-89.7495432794748,29.2438607901841],[-89.7605957033696,29.2453520498215],[-89.7780245263562,29.2457248607473],[-89.7967286291613,29.2438607901841],[-89.8090563337727,29.2431151518241],[-89.8171331053569,29.2397597135424],[-89.8226593173043,29.2401325456248],[-89.8332866485251,29.2360313180236],[-89.8196836649936,29.2356584710026],[-89.8077810539543,29.2360313180236],[-89.7988540952257,29.2349127728866],[-89.7929027906045,29.2326756451642],[-89.7848260190203,29.2300656003838],[-89.7886518575771,29.2285741156793],[-89.7967286291613,29.2285741156793],[-89.8048054007454,29.2278283651804],[-89.8158578255385,29.2270826092504],[-89.8239345971226,29.2252181952733],[-89.8413634201093,29.2244724203354],[-89.8490150981212,29.2203705591466],[-89.855391497213,29.219251841365],[-89.8638933614711,29.2188789324615],[-89.8719701339536,29.2181331105819],[-89.8808970917838,29.2173872832723],[-89.8808970917838,29.2121663392913],[-89.8787716257193,29.2076910302454],[-89.8762210660826,29.2032155241979],[-89.8702697605629,29.2009776971083],[-89.8660188284339,29.20246958674],[-89.8647435486156,29.2043344186386],[-89.8638933614711,29.20843692892],[-89.8647435486156,29.2114204677615],[-89.8549664036408,29.2125392726282],[-89.8507154715118,29.2106745915867],[-89.8515656577579,29.2058262602006],[-89.8596424293421,29.1991128033604],[-89.8651686412895,29.1931449129002],[-89.8855731174851,29.1927719082136],[-89.8974757285243,29.1946369180792],[-89.9093783386653,29.1998587644599],[-89.9200056698862,29.2006047209158],[-89.9319082809254,29.2020966167597],[-89.9463614516014,29.2069451261421],[-89.9548633158595,29.2117934045971],[-89.9680412067171,29.2151497687651],[-89.9773932581196,29.221116364736],[-89.9867453095221,29.2282012415008],[-89.982919470067,29.2323027851377],[-89.9799438177563,29.2390140453031],[-89.9697415792094,29.2468432869429],[-89.959964435133,29.252062444933]]]},"properties":{"objectid":106,"id":0,"area":74.67911049,"Shape__Area":75062435.9140625,"Shape__Length":94243.383803706762}},{"type":"Feature","id":107,"geometry":{"type":"Polygon","coordinates":[[[-89.7343461959457,29.2689762606083],[-89.7327520959482,29.2653421256881],[-89.7235063179387,29.2594713235637],[-89.71266644083,29.2505246854814],[-89.6970442637287,29.2404587725829],[-89.6849291068017,29.2315104547389],[-89.6760021480731,29.227315658317],[-89.6693069297004,29.2250783630332],[-89.6654810902452,29.2242393647986],[-89.6740892287947,29.2239596966704],[-89.6862043857217,29.2295529047221],[-89.6995948233655,29.2382217668466],[-89.7184051995635,29.2491267017157],[-89.7343461959457,29.2614282950556],[-89.7448672537735,29.2692558041579],[-89.7394473152192,29.2717716601379],[-89.7343461959457,29.2689762606083]]]},"properties":{"objectid":107,"id":0,"area":4.58936001,"Shape__Area":4612906.201171875,"Shape__Length":21842.382847426794}},{"type":"Feature","id":108,"geometry":{"type":"Polygon","coordinates":[[[-90.0301756689816,29.2092139003126],[-90.0254996432804,29.2025006677065],[-90.0220988973975,29.2017547258308],[-90.0161475918778,29.19504099921],[-90.0135970322411,29.1931759966936],[-90.005520260657,29.1879538068508],[-90.0038198881647,29.1838504690809],[-90.0114715661766,29.180493069142],[-90.0191232450868,29.1778816810743],[-90.0233741772158,29.1767624948628],[-90.0301756689816,29.1730317833866],[-90.0382524405657,29.1745240842517],[-90.0459041185777,29.1778816810743],[-90.0514303314234,29.1812391672509],[-90.0565314497985,29.182731347976],[-90.0522805176695,29.1860886738811],[-90.0497299580328,29.1913109594741],[-90.0437786525131,29.1924299861897],[-90.0408030002025,29.188699849915],[-90.0403779066303,29.1838504690809],[-90.0408030002025,29.1808661192668],[-90.038677534138,29.1786277989566],[-90.0340015084367,29.1838504690809],[-90.0310258552278,29.1875807824995],[-90.0310258552278,29.1898189051209],[-90.0310258552278,29.1942950022738],[-90.0327262286184,29.199889846218],[-90.0369771607474,29.2036195707344],[-90.0331513212923,29.2073491579766],[-90.0301756689816,29.2092139003126]]]},"properties":{"objectid":108,"id":0,"area":10.8930384,"Shape__Area":10948992.66796875,"Shape__Length":19727.283209298803}},{"type":"Feature","id":109,"geometry":{"type":"Polygon","coordinates":[[[-90.0067955404753,29.2233848219864],[-90.0084959138659,29.2174183597147],[-90.0033947945924,29.2080950591394],[-90.005520260657,29.2088409548734],[-90.0101962863582,29.212570350541],[-90.0106213799304,29.217791273935],[-90.0089210065398,29.224130604844],[-90.0067955404753,29.2233848219864]]]},"properties":{"objectid":109,"id":0,"area":0.59341251000000006,"Shape__Area":596458.92578125,"Shape__Length":4815.1145030948992}},{"type":"Feature","id":110,"geometry":{"type":"Polygon","coordinates":[[[-89.9464322999312,29.1983979182594],[-89.9451570201129,29.1920569781184],[-89.9477075797496,29.188699849915],[-89.9523836054509,29.1939220017705],[-89.9498330458141,29.1946680014203],[-89.9485577659958,29.1980249326814],[-89.9464322999312,29.1983979182594]]]},"properties":{"objectid":110,"id":0,"area":0.50943905000000012,"Shape__Area":512055.603515625,"Shape__Length":3171.6272852014877}},{"type":"Feature","id":111,"geometry":{"type":"Polygon","coordinates":[[[-89.9549341650876,29.1995168660677],[-89.9566345375799,29.1972789574547],[-89.9638611229179,29.1961599844381],[-89.9698124284375,29.19504099921],[-89.9693873348653,29.1916839694746],[-89.9774641064494,29.1920569781184],[-89.9834154119691,29.19504099921],[-89.97916447984,29.1961599844381],[-89.9744884541388,29.1991438845604],[-89.9693873348653,29.1995168660677],[-89.9642862164901,29.199889846218],[-89.9549341650876,29.1995168660677]]]},"properties":{"objectid":111,"id":0,"area":1.64476035,"Shape__Area":1653207.548828125,"Shape__Length":7253.0770563628175}},{"type":"Feature","id":112,"geometry":{"type":"Polygon","coordinates":[[[-89.9889416248148,29.1916839694746],[-89.9893667174887,29.189445888337],[-90.0004191422818,29.1935489999104],[-90.0033947945924,29.19504099921],[-89.9970183963989,29.1942950022738],[-89.9889416248148,29.1916839694746]]]},"properties":{"objectid":112,"id":0,"area":0.3437314,"Shape__Area":345496.84375,"Shape__Length":3683.1908535288376}},{"type":"Feature","id":113,"geometry":{"type":"Polygon","coordinates":[[[-90.0599321956814,29.164823736074],[-90.0607823828259,29.1622119461674],[-90.0697093406562,29.1558687467518],[-90.073110086539,29.1532567267224],[-90.087563257215,29.1439275340358],[-90.0918141893441,29.1394492174194],[-90.0867130700706,29.137956402108],[-90.0858628838244,29.1349707040844],[-90.0867130700706,29.1304919940495],[-90.0786362984864,29.1390760160166],[-90.0671587810194,29.1443007186047],[-90.0654584085271,29.1480324842556],[-90.0595071030075,29.1540030251617],[-90.0505801442789,29.1603463406001],[-90.0459041185777,29.1596000882548],[-90.038677534138,29.1596000882548],[-90.0293254827355,29.1588538312708],[-90.0203985240069,29.1610925867376],[-90.0131719395672,29.164823736074],[-90.0004191422818,29.166689259503],[-89.9936176496177,29.1670623605915],[-89.9965933028267,29.1618388274519],[-90.005520260657,29.1610925867376],[-90.0101962863582,29.15773443445],[-90.0157224983056,29.1540030251617],[-90.0344266011106,29.1528835754693],[-90.038677534138,29.1495251524069],[-90.0412280937747,29.1465397944169],[-90.0446288396576,29.1435543488962],[-90.057381636943,29.1394492174194],[-90.0603572892536,29.1349707040844],[-90.0646082213827,29.1345974856354],[-90.0675838745916,29.134224266616],[-90.06885915441,29.1297455224918],[-90.0714097140468,29.1263863361613],[-90.076085739748,29.1260130857639],[-90.0828872315138,29.1219072474701],[-90.0845876040061,29.118547801951],[-90.0816119516954,29.1163081101244],[-90.0752355526036,29.1207874450121],[-90.06885915441,29.1230270377358],[-90.0650333149549,29.1275060768704],[-90.057381636943,29.1275060768704],[-90.0518554240973,29.1271328313222],[-90.0531307039157,29.1234002989715],[-90.0569565433708,29.1189210794427],[-90.0607823828259,29.1174279621333],[-90.0743853663574,29.1114552753873],[-90.0782112058125,29.1066022086185],[-90.0850126975783,29.1010022296887],[-90.0896887232796,29.0957753051904],[-90.0956400287992,29.0931617418552],[-90.0986156811098,29.0909214920222],[-90.099465867356,29.0868142385259],[-90.1058422664478,29.081959999067],[-90.109668105903,29.0782258109425],[-90.1143441316042,29.0744914866903],[-90.1164695976687,29.0692632025558],[-90.1164695976687,29.0644081275635],[-90.1156194105242,29.0610467860367],[-90.12114562337,29.0517091460357],[-90.1202954362255,29.0509620984688],[-90.1160445040965,29.0561913201672],[-90.1113684783952,29.0651550769408],[-90.1071175462662,29.0677693579249],[-90.1049920802017,29.0670224274906],[-90.1045669866295,29.0629142117875],[-90.1054171728756,29.0595528207691],[-90.1100931985768,29.0558178129],[-90.1151943178503,29.0520826681828],[-90.1215707160439,29.0446119690331],[-90.1219958096161,29.0378878718396],[-90.1173197839149,29.029295326532],[-90.1117935719675,29.0229438504502],[-90.1130688517858,29.0203284216429],[-90.1160445040965,29.0210756941119],[-90.1236961830067,29.0315369299017],[-90.1287973013819,29.0423706527723],[-90.1262467417451,29.0461061523012],[-90.1236961830067,29.0487209209491],[-90.1258216490712,29.053950257843],[-90.1219958096161,29.0595528207691],[-90.1241212756806,29.059926314508],[-90.1275220215635,29.0565648252963],[-90.1304976747725,29.0490944539172],[-90.1338984206554,29.0505885722636],[-90.1330482335109,29.0528297084191],[-90.1309227674464,29.0573118322815],[-90.1309227674464,29.0636611719889],[-90.1351737004737,29.0629142117875],[-90.1360238867199,29.0659020209058],[-90.1385744463566,29.0644081275635],[-90.1419751922395,29.0610467860367],[-90.1419751922395,29.0558178129],[-90.1419751922395,29.0528297084191],[-90.139849726175,29.0509620984688],[-90.139849726175,29.0476003139295],[-90.1449508445502,29.0476003139295],[-90.1487766840053,29.0468532358204],[-90.1509021500698,29.0423706527723],[-90.1568534555894,29.0371407226212],[-90.15855382898,29.0431177633404],[-90.1500519638236,29.0554443050653],[-90.1466512179408,29.0614202735787],[-90.1436755647318,29.0670224274906],[-90.1372991665382,29.0737446049716],[-90.1300725812003,29.0845738490418],[-90.1198703435516,29.0961486652927],[-90.1198703435516,29.0995088499939],[-90.1185950637332,29.1051089109575],[-90.1122186646414,29.1066022086185],[-90.1088179187585,29.1129484793847],[-90.1011662407466,29.1136950736492],[-90.1015913343188,29.1204141742936],[-90.0986156811098,29.1252665824741],[-90.1007411471743,29.1271328313222],[-90.1071175462662,29.1234002989715],[-90.1167697481613,29.1237700408557],[-90.1206994400498,29.1281909447335],[-90.1305236702202,29.1272085210729],[-90.1374006312496,29.1100161193828],[-90.1482072841675,29.1114897532085],[-90.1673645322361,29.0977358313343],[-90.1678557436099,29.1051040038627],[-90.1599963598329,29.118857925933],[-90.1378918426234,29.1321206365302],[-90.1147692242781,29.1450470821072],[-90.1113684783952,29.1510177980859],[-90.1079677325123,29.1521372688965],[-90.1105182921491,29.1446739010336],[-90.1037168003833,29.1528835754693],[-90.0952149352269,29.1569881639085],[-90.0990407746821,29.15773443445],[-90.0943647489808,29.1610925867376],[-90.087563257215,29.1685547490321],[-90.076085739748,29.1730317833866],[-90.0705595269023,29.1734048606372],[-90.0650333149549,29.1685547490321],[-90.0599321956814,29.164823736074]]]},"properties":{"objectid":113,"id":0,"area":67.71060716,"Shape__Area":79915982.677734375,"Shape__Length":119048.43546130478}},{"type":"Feature","id":114,"geometry":{"type":"Polygon","coordinates":[[[-90.0382524405657,29.1316116900468],[-90.0374022543196,29.1275060768704],[-90.0412280937747,29.1263863361613],[-90.0484546782144,29.1260130857639],[-90.050155051605,29.129372285073],[-90.0446288396576,29.1308652274036],[-90.0382524405657,29.1316116900468]]]},"properties":{"objectid":114,"id":0,"area":0.7232914800000001,"Shape__Area":727011.09765625,"Shape__Length":3614.8743790963144}},{"type":"Feature","id":115,"geometry":{"type":"Polygon","coordinates":[[[-90.0446288396576,29.1338510454569],[-90.047179398396,29.1331045990736],[-90.0518554240973,29.1349707040844],[-90.0514303314234,29.1360903513009],[-90.0446288396576,29.1338510454569]]]},"properties":{"objectid":115,"id":0,"area":0.11868250000000001,"Shape__Area":119292.76171875,"Shape__Length":1831.2012987180842}},{"type":"Feature","id":116,"geometry":{"type":"Polygon","coordinates":[[[-90.0323011350461,29.1204141742936],[-90.0361269745012,29.1181745231048],[-90.0369771607474,29.1196676295774],[-90.0323011350461,29.1204141742936]]]},"properties":{"objectid":116,"id":0,"area":0.05374302,"Shape__Area":54019.4609375,"Shape__Length":1254.3201555771793}},{"type":"Feature","id":117,"geometry":{"type":"Polygon","coordinates":[[[-89.9642862164901,29.1853426110405],[-89.9596101907889,29.1797469648232],[-89.9642862164901,29.1782547406936],[-89.9642862164901,29.1737779365316],[-89.9689622421914,29.1704202038758],[-89.9689622421914,29.1678085571317],[-89.9651364027362,29.1681816541521],[-89.9621607504256,29.1640775170539],[-89.9621607504256,29.1554956049882],[-89.9651364027362,29.1562418871598],[-89.9689622421914,29.1543761723479],[-89.9736382678926,29.1506446386994],[-89.9753386403849,29.1476593140252],[-89.9757637339571,29.1416884005147],[-89.97916447984,29.1357171369171],[-89.9825652257229,29.1323581472702],[-89.9846906917874,29.1301187593404],[-89.9846906917874,29.1252665824741],[-89.9774641064494,29.129372285073],[-89.9736382678926,29.1237735580676],[-89.9706626146837,29.119294354795],[-89.9668367761269,29.118547801951],[-89.964711309164,29.1215339816004],[-89.9638611229179,29.1241468165938],[-89.9600352834628,29.1237735580676],[-89.9608854706072,29.118547801951],[-89.9621607504256,29.1069755294519],[-89.964711309164,29.1043622543942],[-89.9668367761269,29.1054822379927],[-89.971937894502,29.1066022086185],[-89.974913547711,29.1077221678409],[-89.9774641064494,29.1047355833529],[-89.9800146660862,29.1054822379927],[-89.9817150394768,29.1084688000278],[-89.9800146660862,29.1122018797024],[-89.97916447984,29.1148149548876],[-89.9821401321507,29.1170546792233],[-89.9885165312425,29.1178012436887],[-89.9948929294361,29.1136950736492],[-89.9965933028267,29.1092154267975],[-89.9995689551373,29.1118285778296],[-90.0029697010202,29.1148149548876],[-90.0008442349557,29.1181745231048],[-89.9961682092544,29.119294354795],[-89.9961682092544,29.1234002989715],[-89.9919172771254,29.1304919940495],[-89.9825652257229,29.1446739010336],[-89.9757637339571,29.1543761723479],[-89.9672618688008,29.1614657073804],[-89.967686962373,29.164823736074],[-89.9715128018281,29.1644506276341],[-89.974913547711,29.1659430548268],[-89.9774641064494,29.1674354595396],[-89.9834154119691,29.1637044059022],[-89.9855408780335,29.1637044059022],[-89.9842655991135,29.1696740263203],[-89.9766139202033,29.1748971560775],[-89.9761888266311,29.177135558551],[-89.9825652257229,29.1760163634175],[-89.9893667174887,29.1748971560775],[-89.9927674633716,29.1741510110698],[-89.9885165312425,29.1782547406936],[-89.9872412514242,29.1812391672509],[-89.9846906917874,29.1853426110405],[-89.9783142935939,29.1849695771933],[-89.9736382678926,29.1834774298077],[-89.9655614963085,29.1823583046333],[-89.9659865889824,29.185715642747],[-89.9642862164901,29.1853426110405]]]},"properties":{"objectid":117,"id":0,"area":16.99511048,"Shape__Area":17082485.93359375,"Shape__Length":42547.888253976453}},{"type":"Feature","id":118,"geometry":{"type":"Polygon","coordinates":[[[-90.0437786525131,29.0931617418552],[-90.0399528139563,29.0894279645341],[-90.0437786525131,29.0827068204498],[-90.0484546782144,29.0853206506894],[-90.0522805176695,29.0845738490418],[-90.0595071030075,29.0838270411947],[-90.0646082213827,29.0856940502678],[-90.0578067296169,29.0886811926675],[-90.050155051605,29.0898013484368],[-90.047179398396,29.0927883701368],[-90.0437786525131,29.0931617418552]]]},"properties":{"objectid":118,"id":0,"area":1.7634428500000001,"Shape__Area":1772518.7890625,"Shape__Length":6671.7756565740729}},{"type":"Feature","id":119,"geometry":{"type":"Polygon","coordinates":[[[-89.9281532906984,29.1715394608225],[-89.9256027310617,29.1625850627427],[-89.9137001200224,29.1625850627427],[-89.9090240943212,29.1674354595396],[-89.9034978823738,29.1689278425561],[-89.9013724163093,29.1640775170539],[-89.9060484420105,29.15773443445],[-89.9073237218289,29.156615026212],[-89.9026476961277,29.1558687467518],[-89.896696390608,29.1525104228607],[-89.8996720429187,29.1510177980859],[-89.9085990016473,29.1450470821072],[-89.9171008659053,29.1457934409728],[-89.923052171425,29.1435543488962],[-89.9281532906984,29.1409420118321],[-89.9349547824642,29.1469129687136],[-89.9400559017377,29.1528835754693],[-89.9404809944116,29.1581075680793],[-89.9370802485287,29.1633312926101],[-89.9319791301536,29.1689278425561],[-89.9281532906984,29.1715394608225]]]},"properties":{"objectid":119,"id":0,"area":10.60416966,"Shape__Area":10658674.2421875,"Shape__Length":15969.982892349073}},{"type":"Feature","id":120,"geometry":{"type":"Polygon","coordinates":[[[-89.8932956447251,29.1640775170539],[-89.892445458479,29.1614657073804],[-89.8949960172174,29.1618388274519],[-89.8932956447251,29.1640775170539]]]},"properties":{"objectid":120,"id":0,"area":0.04478585,"Shape__Area":45015.998046875,"Shape__Length":976.476592503969}},{"type":"Feature","id":121,"geometry":{"type":"Polygon","coordinates":[[[-89.8881945254517,29.1644506276341],[-89.8860690593872,29.1625850627427],[-89.8890447125961,29.1618388274519],[-89.8881945254517,29.1644506276341]]]},"properties":{"objectid":121,"id":0,"area":0.050384080000000005,"Shape__Area":50643.021484375,"Shape__Length":1026.2497948575947}},{"type":"Feature","id":122,"geometry":{"type":"Polygon","coordinates":[[[-89.885218873141,29.1562418871598],[-89.8847937795688,29.1525104228607],[-89.8877694327777,29.1517641135767],[-89.8877694327777,29.1554956049882],[-89.885218873141,29.1562418871598]]]},"properties":{"objectid":122,"id":0,"area":0.14779331,"Shape__Area":148552.96875,"Shape__Length":1597.7127783023302}},{"type":"Feature","id":123,"geometry":{"type":"Polygon","coordinates":[[[-89.8745915419201,29.1569881639085],[-89.8716158896095,29.1562418871598],[-89.8699155162189,29.1547493181785],[-89.8711907960372,29.1532567267224],[-89.8745915419201,29.1569881639085]]]},"properties":{"objectid":123,"id":0,"area":0.091810990000000009,"Shape__Area":92282.884765625,"Shape__Length":1458.3075837591305}},{"type":"Feature","id":124,"geometry":{"type":"Polygon","coordinates":[[[-89.9149753998408,29.1215339816004],[-89.9132750273485,29.118547801951],[-89.9166757732314,29.1181745231048],[-89.9171008659053,29.1196676295774],[-89.9149753998408,29.1215339816004]]]},"properties":{"objectid":124,"id":0,"area":0.1041271,"Shape__Area":104662.681640625,"Shape__Length":1338.0691648646603}},{"type":"Feature","id":125,"geometry":{"type":"Polygon","coordinates":[[[-89.9281532906984,29.0905481121808],[-89.9281532906984,29.0845738490418],[-89.930278756763,29.0834536356333],[-89.9324042228275,29.0875610239296],[-89.9281532906984,29.0905481121808]]]},"properties":{"objectid":125,"id":0,"area":0.25751864,"Shape__Area":258844.01171875,"Shape__Length":2218.7888991153673}},{"type":"Feature","id":126,"geometry":{"type":"Polygon","coordinates":[[[-89.8898948988423,29.1069755294519],[-89.8928705511529,29.1039889232963],[-89.8945709245435,29.1058555628889],[-89.8928705511529,29.1069755294519],[-89.8898948988423,29.1069755294519]]]},"properties":{"objectid":126,"id":0,"area":0.09852887,"Shape__Area":99035.787109375,"Shape__Length":1376.7460016555142}},{"type":"Feature","id":127,"geometry":{"type":"Polygon","coordinates":[[[-89.896696390608,29.0976420945171],[-89.8979716704264,29.0950285793542],[-89.9013724163093,29.0972687390457],[-89.9000971364909,29.0980154486344],[-89.896696390608,29.0976420945171]]]},"properties":{"objectid":127,"id":0,"area":0.1041271,"Shape__Area":104662.935546875,"Shape__Length":1388.4795273922073}},{"type":"Feature","id":128,"geometry":{"type":"Polygon","coordinates":[[[-89.8529117868044,29.1700471157761],[-89.8482357611032,29.1730317833866],[-89.8371833363101,29.1767624948628],[-89.8291065647259,29.1816122146629],[-89.8227301665324,29.1831043891779],[-89.8193294206495,29.1801200176608],[-89.8269810986614,29.1745240842517],[-89.8316571243627,29.1704202038758],[-89.8337825904272,29.1730317833866],[-89.840158989519,29.1696740263203],[-89.8427095482575,29.1629581787466],[-89.8461102941404,29.1603463406001],[-89.8473855739587,29.1637044059022],[-89.8524866932322,29.166689259503],[-89.8554623455429,29.1651968439424],[-89.8618387446347,29.1607194639545],[-89.8597132785702,29.164823736074],[-89.8529117868044,29.1700471157761]]]},"properties":{"objectid":128,"id":0,"area":3.82023302,"Shape__Area":3839862.220703125,"Shape__Length":12829.30541785284}},{"type":"Feature","id":129,"geometry":{"type":"Polygon","coordinates":[[[-90.0382524405657,29.0535767424593],[-90.0348516946829,29.0505885722636],[-90.0412280937747,29.0434913165959],[-90.0361269745012,29.0442384198349],[-90.0276251093449,29.0438648684989],[-90.0263498295265,29.0382614448131],[-90.0306007625538,29.0382614448131],[-90.0412280937747,29.0375142982992],[-90.0463292121499,29.0334048953971],[-90.0535557974879,29.0382614448131],[-90.050155051605,29.0446119690331],[-90.0382524405657,29.0535767424593]]]},"properties":{"objectid":129,"id":0,"area":3.49665525,"Shape__Area":3514667.169921875,"Shape__Length":10025.38439050578}},{"type":"Feature","id":130,"geometry":{"type":"Polygon","coordinates":[[[-90.0123217524227,29.0502150447059],[-90.0097711936843,29.0490944539172],[-90.0080708202937,29.0476003139295],[-90.0038198881647,29.0476003139295],[-90.0008442349557,29.0446119690331],[-90.005095167983,29.0408764138368],[-90.0097711936843,29.0356464079577],[-90.0135970322411,29.0363935679939],[-90.0178479652684,29.0337784838115],[-90.0233741772158,29.031910525862],[-90.024224363462,29.0363935679939],[-90.0220988973975,29.0412499759919],[-90.0123217524227,29.0502150447059]]]},"properties":{"objectid":130,"id":0,"area":3.10142012,"Shape__Area":3117396.439453125,"Shape__Length":7572.459043730335}},{"type":"Feature","id":131,"geometry":{"type":"Polygon","coordinates":[[[-90.0029697010202,29.0289217211073],[-89.9995689551373,29.029295326532],[-89.9957431165805,29.0236911032087],[-90.0004191422818,29.0214493279261],[-90.0029697010202,29.0248119722077],[-90.0029697010202,29.0289217211073]]]},"properties":{"objectid":131,"id":0,"area":0.50496046,"Shape__Area":507562.4296875,"Shape__Length":2843.00000031595}},{"type":"Feature","id":132,"geometry":{"type":"Polygon","coordinates":[[[-89.9655614963085,29.0236911032087],[-89.9634360293457,29.0214493279261],[-89.9651364027362,29.0195811445524],[-89.9655614963085,29.0158446740709],[-89.9608854706072,29.0117344000379],[-89.9621607504256,29.0072502755102],[-89.964711309164,29.0031396556388],[-89.9681120550469,28.998281437187],[-89.9693873348653,28.9930492520911],[-89.9736382678926,28.9900593119166],[-89.9761888266311,28.9956653785248],[-89.9727880807482,29.0012711380104],[-89.9761888266311,29.0031396556388],[-89.9723629880743,29.0109870592024],[-89.971937894502,29.020702058946],[-89.9655614963085,29.0236911032087]]]},"properties":{"objectid":132,"id":0,"area":3.72842202,"Shape__Area":3747640.869140625,"Shape__Length":10238.816903779501}},{"type":"Feature","id":133,"geometry":{"type":"Polygon","coordinates":[[[-89.9557843513337,29.039008585918],[-89.9557843513337,29.0341520716592],[-89.9574847247244,29.0315369299017],[-89.9634360293457,29.0296689306045],[-89.9596101907889,29.0341520716592],[-89.9574847247244,29.039008585918],[-89.9557843513337,29.039008585918]]]},"properties":{"objectid":133,"id":0,"area":0.39747442000000005,"Shape__Area":399522.234375,"Shape__Length":3268.744514190847}},{"type":"Feature","id":134,"geometry":{"type":"Polygon","coordinates":[[[-89.9953180230083,28.9874430420669],[-89.9957431165805,28.9833316266996],[-89.9974434890728,28.9814627471481],[-90.0008442349557,28.9762297016346],[-90.0046700744108,28.9724916490279],[-90.0080708202937,28.9766034999395],[-90.0084959138659,28.9792200463308],[-90.0038198881647,28.9848267060288],[-89.9953180230083,28.9874430420669]]]},"properties":{"objectid":134,"id":0,"area":1.41187393,"Shape__Area":1419155.521484375,"Shape__Length":5102.342034439439}},{"type":"Feature","id":135,"geometry":{"type":"Polygon","coordinates":[[[-89.9902169037348,28.9795938330457],[-89.9889416248148,28.975108300189],[-89.9919172771254,28.9706225713001],[-89.9991438624634,28.9709963890747],[-89.9974434890728,28.9754821017594],[-89.9902169037348,28.9795938330457]]]},"properties":{"objectid":135,"id":0,"area":0.77479521000000007,"Shape__Area":778791.53125,"Shape__Length":3614.9671182815623}},{"type":"Feature","id":136,"geometry":{"type":"Polygon","coordinates":[[[-89.9766139202033,28.9496865708801],[-89.9727880807482,28.9481909791719],[-89.9783142935939,28.9395909003429],[-89.9808648523323,28.936225456386],[-89.9838405055413,28.9317380248861],[-89.9910670908793,28.9268764202801],[-89.9970183963989,28.9294942358878],[-90.0016944221002,28.933981765315],[-89.9978685826451,28.9388430335281],[-89.9914921835532,28.9410866177799],[-89.9838405055413,28.9459475495488],[-89.9766139202033,28.9496865708801]]]},"properties":{"objectid":136,"id":0,"area":4.1079821,"Shape__Area":4129186.068359375,"Shape__Length":8926.7841007742936}},{"type":"Feature","id":137,"geometry":{"type":"Polygon","coordinates":[[[-90.0667336883455,28.931364063819],[-90.0561063571246,28.9208925897181],[-90.057381636943,28.9205185887441],[-90.0701344342284,28.9309901006165],[-90.0667336883455,28.931364063819]]]},"properties":{"objectid":137,"id":0,"area":0.40643159000000006,"Shape__Area":408529.966796875,"Shape__Length":4259.2245484644554}},{"type":"Feature","id":138,"geometry":{"type":"Polygon","coordinates":[[[-89.9179510530498,29.0957753051904],[-89.9145503071669,29.0931617418552],[-89.9115746539579,29.0871876319046],[-89.9149753998408,29.0853206506894],[-89.9183761457237,29.0815865859527],[-89.9256027310617,29.0778523850786],[-89.923052171425,29.0752383622106],[-89.923052171425,29.0692632025558],[-89.9217768916066,29.0655285495998],[-89.9166757732314,29.059926314508],[-89.9119997475302,29.0576853341376],[-89.9085990016473,29.0550707950925],[-89.9077488145028,29.0520826681828],[-89.9098742814657,29.0476003139295],[-89.9128499337763,29.0427442087326],[-89.9132750273485,29.0363935679939],[-89.9166757732314,29.0289217211073],[-89.922627078751,29.0218229603884],[-89.9247525448156,29.0180865725798],[-89.9247525448156,29.0143500480326],[-89.9234772649972,29.0102397137468],[-89.9209267053605,29.008371325279],[-89.9243274512433,29.0020185491154],[-89.9205016117882,28.9997762988007],[-89.930278756763,28.9896855630212],[-89.9260278246339,28.9881905547168],[-89.9243274512433,28.9956653785248],[-89.9183761457237,28.998281437187],[-89.9192263328682,28.9919280345593],[-89.9192263328682,28.9904330594612],[-89.915825586087,28.9934229888284],[-89.9145503071669,28.991554293204],[-89.9175259594776,28.9837053985579],[-89.9200765191143,28.9784724680633],[-89.9222019851788,28.9721178358686],[-89.9243274512433,28.9650151332211],[-89.9239023585694,28.9616505231432],[-89.9205016117882,28.9631459189007],[-89.9188012392959,28.9698749301282],[-89.9137001200224,28.9732392705095],[-89.9128499337763,28.9706225713001],[-89.9175259594776,28.9590335278058],[-89.9200765191143,28.9496865708801],[-89.923052171425,28.9474431744339],[-89.9285783833724,28.9478170774777],[-89.9311289430091,28.9440779878807],[-89.9366551558548,28.946321457991],[-89.9409060879838,28.9422083916886],[-89.9434566476206,28.945573639757],[-89.9392057145932,28.9579119384629],[-89.9324042228275,28.9724916490279],[-89.9315540365813,28.9777248851795],[-89.9336795026458,28.9736130788318],[-89.9387806219193,28.9698749301282],[-89.9434566476206,28.9698749301282],[-89.9468573935035,28.9698749301282],[-89.9519585118786,28.971370206285],[-89.9519585118786,28.975108300189],[-89.9472824861774,28.9766034999395],[-89.9498330458141,28.9792200463308],[-89.9528086990231,28.9792200463308],[-89.9553592577615,28.9852004724845],[-89.9570596311521,28.9878167990672],[-89.9557843513337,28.9967865547414],[-89.953233791697,28.9997762988007],[-89.9557843513337,29.0035133551107],[-89.9553592577615,29.0072502755102],[-89.953233791697,29.0214493279261],[-89.9464322999312,29.0274272866746],[-89.9426064604761,29.0330313048451],[-89.9404809944116,29.0371407226212],[-89.9362300622826,29.0427442087326],[-89.9307038503352,29.0487209209491],[-89.9307038503352,29.053950257843],[-89.9319791301536,29.0573118322815],[-89.9396308081655,29.0606732971418],[-89.9383555283471,29.0651550769408],[-89.9353798760364,29.0681428211123],[-89.9311289430091,29.071130477113],[-89.9281532906984,29.0733711620823],[-89.9290034769446,29.0789726593952],[-89.923052171425,29.0827068204498],[-89.9192263328682,29.0860674477074],[-89.9179510530498,29.0957753051904]]]},"properties":{"objectid":138,"id":0,"area":48.60160456,"Shape__Area":48852122.263671875,"Shape__Length":59882.61287592505}},{"type":"Feature","id":139,"geometry":{"type":"Polygon","coordinates":[[[-89.9689622421914,28.9792200463308],[-89.9655614963085,28.9803414024241],[-89.9621607504256,28.9773510909261],[-89.9596101907889,28.9721178358686],[-89.956209444906,28.9653889720348],[-89.9549341650876,28.962398223722],[-89.9591850972166,28.9545470951818],[-89.9570596311521,28.9459475495488],[-89.9519585118786,28.9351036169221],[-89.9506832320603,28.9291202659398],[-89.9498330458141,28.9235105587678],[-89.9455821136851,28.9164044882246],[-89.9413311806578,28.9107940852995],[-89.9328293163997,28.9051833758083],[-89.9319791301536,28.9006945875756],[-89.9324042228275,28.8950833273025],[-89.9358049687104,28.8988242019752],[-89.9396308081655,28.8980760379831],[-89.9413311806578,28.8943351355615],[-89.9434566476206,28.8902199857826],[-89.9502581393864,28.8883494090946],[-89.9523836054509,28.8917164231848],[-89.9536588852692,28.8969537810973],[-89.9566345375799,28.9070536468029],[-89.9591850972166,28.9119161909457],[-89.9642862164901,28.9055574328613],[-89.9651364027362,28.908175792904],[-89.9672618688008,28.9212665893432],[-89.9672618688008,28.9287462954289],[-89.9702375220097,28.9261284601485],[-89.9706626146837,28.9268764202801],[-89.971937894502,28.9377212223996],[-89.967686962373,28.9451997294018],[-89.9668367761269,28.9418344684018],[-89.9693873348653,28.9373472829202],[-89.9681120550469,28.9332338572355],[-89.9655614963085,28.9343557169379],[-89.9600352834628,28.9324859437591],[-89.960460377035,28.9373472829202],[-89.9630109366718,28.9429562342139],[-89.9621607504256,28.9489387777253],[-89.9634360293457,28.9541732172189],[-89.9706626146837,28.9571642046987],[-89.9757637339571,28.9586596660414],[-89.9744884541388,28.9616505231432],[-89.9655614963085,28.9567903361847],[-89.9638611229179,28.9575380726487],[-89.964711309164,28.9706225713001],[-89.9651364027362,28.9728654600509],[-89.9685371486191,28.9736130788318],[-89.9689622421914,28.9792200463308]]]},"properties":{"objectid":139,"id":0,"area":16.968238969999998,"Shape__Area":17055843.6875,"Shape__Length":37436.446918264672}},{"type":"Feature","id":140,"geometry":{"type":"Polygon","coordinates":[[[-89.9426064604761,28.9250065106199],[-89.9392057145932,28.9235105587678],[-89.9396308081655,28.9145343881561],[-89.9413311806578,28.9141603642538],[-89.9426064604761,28.9250065106199]]]},"properties":{"objectid":140,"id":0,"area":0.35268857000000003,"Shape__Area":354509.63671875,"Shape__Length":3148.0989445182149}},{"type":"Feature","id":141,"geometry":{"type":"Polygon","coordinates":[[[-89.9336795026458,28.9253804954072],[-89.9328293163997,28.9201445864214],[-89.9349547824642,28.9193965777294],[-89.9366551558548,28.9227625743551],[-89.9336795026458,28.9253804954072]]]},"properties":{"objectid":141,"id":0,"area":0.18474163,"Shape__Area":185695.51171875,"Shape__Length":1865.3591811167232}},{"type":"Feature","id":142,"geometry":{"type":"Polygon","coordinates":[[[-89.9264529173078,28.9051833758083],[-89.9239023585694,28.8995723605746],[-89.923052171425,28.8958315128647],[-89.922627078751,28.8924646337982],[-89.9268780108801,28.8954574207577],[-89.930278756763,28.901816803229],[-89.9336795026458,28.9078017452899],[-89.9264529173078,28.9051833758083]]]},"properties":{"objectid":142,"id":0,"area":0.88004195,"Shape__Area":884587.66015625,"Shape__Length":4904.3042902042835}},{"type":"Feature","id":143,"geometry":{"type":"Polygon","coordinates":[[[-89.9264529173078,28.9160304710655],[-89.9234772649972,28.9145343881561],[-89.922627078751,28.9134123116167],[-89.9217768916066,28.9096719683028],[-89.9264529173078,28.9160304710655]]]},"properties":{"objectid":143,"id":0,"area":0.09964852,"Shape__Area":100163.099609375,"Shape__Length":1999.881259637926}},{"type":"Feature","id":144,"geometry":{"type":"Polygon","coordinates":[[[-89.9128499337763,28.9347296672115],[-89.9132750273485,28.9324859437591],[-89.9128499337763,28.9208925897181],[-89.915825586087,28.9212665893432],[-89.9171008659053,28.9276243742295],[-89.9128499337763,28.9347296672115]]]},"properties":{"objectid":144,"id":0,"area":0.50272117,"Shape__Area":505316.49609375,"Shape__Length":3940.3421411259724}},{"type":"Feature","id":145,"geometry":{"type":"Polygon","coordinates":[[[-89.9105827701538,28.8619082815666],[-89.9071820242709,28.8600371895727],[-89.9003805316069,28.8521782313804],[-89.8991052526868,28.8450672288097],[-89.9025059985697,28.8428215466437],[-89.9059067444526,28.8529267298921],[-89.9105827701538,28.8619082815666]]]},"properties":{"objectid":145,"id":0,"area":0.98864764,"Shape__Area":993759.234375,"Shape__Length":5682.9741243204826}},{"type":"Feature","id":146,"geometry":{"type":"Polygon","coordinates":[[[-89.9114329564,28.8996970531502],[-89.9122831426461,28.8922152303351],[-89.9054816508803,28.8843587315095],[-89.904206371062,28.8895964644884],[-89.8995303453607,28.8735082924844],[-89.8986801591146,28.8671471582501],[-89.8931539471672,28.8619082815666],[-89.8876277343215,28.8566691384915],[-89.8838018957647,28.8536752222297],[-89.8821015223741,28.8454415039331],[-89.8748749370361,28.8342126464061],[-89.8727494709715,28.8278490830125],[-89.8689236315164,28.8259773720345],[-89.8642476067135,28.8252286780635],[-89.8595715810122,28.8237312739695],[-89.8570210213755,28.8181158148537],[-89.8480940626469,28.8083816266966],[-89.8434180369456,28.8023909012],[-89.8442682240901,28.8008931648296],[-89.8502195296097,28.8061351451953],[-89.8540453681665,28.8110024602976],[-89.8604217672584,28.8162439265443],[-89.8646726993874,28.8181158148537],[-89.8714741911532,28.8211107645918],[-89.8795509627373,28.8300950914501],[-89.8846520820108,28.8446929515528],[-89.8923037600227,28.8521782313804],[-89.8965546930501,28.8577918337837],[-89.9025059985697,28.86939230882],[-89.9033561848158,28.8776241107486],[-89.9097325830094,28.8828621872902],[-89.9127082362184,28.8869776310209],[-89.9165340756735,28.8918411251971],[-89.9148337022828,28.9011933515863],[-89.9114329564,28.8996970531502]]]},"properties":{"objectid":146,"id":0,"area":7.68973047,"Shape__Area":7729490.548828125,"Shape__Length":33008.569698616018}},{"type":"Feature","id":147,"geometry":{"type":"Polygon","coordinates":[[[-89.6505939713033,28.8773551848405],[-89.6482028213069,28.8769342554559],[-89.6379208788381,28.8666209433809],[-89.6333776942044,28.862621625986],[-89.633855924024,28.859253659418],[-89.6357688442007,28.8600956612893],[-89.6422249472145,28.8640950774413],[-89.6458116722089,28.8647265496807],[-89.6503548559443,28.8691467479371],[-89.6505939713033,28.8773551848405]]]},"properties":{"objectid":147,"id":0,"area":1.6784984399999998,"Shape__Area":1687173.794921875,"Shape__Length":6486.0123571697686}},{"type":"Feature","id":148,"geometry":{"type":"Polygon","coordinates":[[[-89.6123355785488,28.8514648145212],[-89.6099444294508,28.8535699656727],[-89.6010971764407,28.8464122753811],[-89.6003798312621,28.8424121727996],[-89.5970322225249,28.8360959046113],[-89.594162842709,28.8312531705654],[-89.5869893945167,28.8264102080467],[-89.5834026704206,28.8215670186532],[-89.5834026704206,28.8118799561887],[-89.5862720493381,28.8072466918789],[-89.5898587734343,28.8061936479894],[-89.5994233716229,28.8082997251253],[-89.6037274408976,28.8061936479894],[-89.6106617746293,28.8061936479894],[-89.617356993002,28.8135647285551],[-89.6214219469178,28.8266207767986],[-89.6180743381806,28.8344115007308],[-89.6125746939077,28.843885912988],[-89.6123355785488,28.8514648145212]]]},"properties":{"objectid":148,"id":0,"area":15.572696129999999,"Shape__Area":15653251.826171875,"Shape__Length":16581.239704257423}},{"type":"Feature","id":149,"geometry":{"type":"Polygon","coordinates":[[[-90.1386630067689,29.0056439358433],[-90.1348371682121,28.9989172749248],[-90.131011328757,28.9936851220098],[-90.1259102094835,28.9899477064633],[-90.1216592773545,28.98621015426],[-90.1152828791609,28.98621015426],[-90.1135825057704,28.9892002073006],[-90.1114570397058,28.9850888617875],[-90.1106068534597,28.9779870589369],[-90.1042304543678,28.9723800238334],[-90.1012548020572,28.9637819749973],[-90.1029551745495,28.96191273841],[-90.1097566663152,28.973875263794],[-90.1144326920165,28.9764918791808],[-90.1178334378994,28.9742490698188],[-90.1233596507451,28.9794822162991],[-90.1288858626925,28.9809773520525],[-90.1339869810677,28.9892002073006],[-90.1386630067689,29.0056439358433]]]},"properties":{"objectid":149,"id":0,"area":4.27928798,"Shape__Area":4301357.04296875,"Shape__Length":15919.278882421657}},{"type":"Feature","id":150,"geometry":{"type":"Polygon","coordinates":[[[-90.2773959069102,29.1473481926539],[-90.2729924722869,29.1426965351381],[-90.2498880636908,29.136541539941],[-90.2538177555793,29.1291733676393],[-90.2518529091859,29.1222964063711],[-90.2538177555793,29.115419445129],[-90.257256236094,29.1031391582507],[-90.2521629034174,29.0997707114079],[-90.2470617841439,29.0986506656609],[-90.2453614116516,29.0945437235965],[-90.2317584272218,29.0911833752776],[-90.2287827749111,29.0900632345408],[-90.227932588665,29.0822219058942],[-90.231222026996,29.0717016222911],[-90.2406853859504,29.0721393102346],[-90.2411104786243,29.0665374383375],[-90.2462115978978,29.0628026858408],[-90.2491872502084,29.06093525807],[-90.2530130896635,29.0669109059883],[-90.2504625300268,29.0740065326829],[-90.2449363180794,29.0829687245932],[-90.2474868777162,29.0915567528156],[-90.2530130896635,29.0964105360389],[-90.2627902346383,29.0993973644413],[-90.2678913530135,29.1031307763139],[-90.2657658869489,29.0960371761013],[-90.2721422860408,29.1027574415341],[-90.2789437778066,29.1068640519866],[-90.2836198035078,29.1135836034636],[-90.2840448961817,29.1210492514953],[-90.2802190576249,29.1281411102774],[-90.2797939640527,29.1333663741978],[-90.2797939640527,29.1378449582188],[-90.2853201760001,29.1479210512935],[-90.2773959069102,29.1473481926539]]]},"properties":{"objectid":150,"id":0,"area":15.53733106,"Shape__Area":23565702.013671875,"Shape__Length":33489.564982568423}},{"type":"Feature","id":151,"geometry":{"type":"Polygon","coordinates":[[[-90.3376066449601,29.1538915986761],[-90.3346309926494,29.1482942213577],[-90.3342058990772,29.1423233447433],[-90.3359062724678,29.1266481283914],[-90.3363313651417,29.1169432126778],[-90.3363313651417,29.1068640519866],[-90.3371815522861,29.1008907457534],[-90.3393070183507,29.0967838938375],[-90.3384568312062,29.0930502494294],[-90.3329306192588,29.0923035038302],[-90.3265542210653,29.0937969888282],[-90.3155017962722,29.0941703568893],[-90.3133763302076,29.0900632345408],[-90.3108257705709,29.0874495254401],[-90.310400677897,29.0833421326974],[-90.314651610026,29.084088943275],[-90.318902542155,29.0874495254401],[-90.3269793137392,29.0885696946056],[-90.3388819247784,29.084088943275],[-90.3469586963626,29.0945437235965],[-90.3512096293899,29.1027574415341],[-90.3452583238703,29.1023841054001],[-90.3452583238703,29.1087306386465],[-90.3512096293899,29.11619664277],[-90.3448332302981,29.1188096149197],[-90.3414324844152,29.1251551248281],[-90.3456834165442,29.1315002392788],[-90.3503594422454,29.1352324744565],[-90.3563107477651,29.1412037669962],[-90.3575860275835,29.1475478806584],[-90.3478088826087,29.1460551837791],[-90.3584362138296,29.1497868849217],[-90.3584362138296,29.1557573230748],[-90.3550354679467,29.1557573230748],[-90.3567358413373,29.1650854296024],[-90.3588613074018,29.1718011364466],[-90.3575860275835,29.1788894572912],[-90.3575860275835,29.18523121857],[-90.3512096293899,29.1826199534543],[-90.3507845358177,29.1777702812872],[-90.3461085101164,29.1710549689301],[-90.3422826706613,29.1632198770301],[-90.3376066449601,29.1538915986761]]]},"properties":{"objectid":151,"id":0,"area":19.43929825,"Shape__Area":19539259.1796875,"Shape__Length":38164.8587431488}},{"type":"Feature","id":152,"geometry":{"type":"Polygon","coordinates":[[[-90.3287328233771,29.1468131963229],[-90.3356671571088,29.1549993765272],[-90.3404494562031,29.1638145258528],[-90.3445144101189,29.1728387673431],[-90.3440361802993,29.1868981975102],[-90.3387756513854,29.1885768048337],[-90.3416450312013,29.1929830185464],[-90.3416450312013,29.1994870796341],[-90.3416450312013,29.2074592310841],[-90.3380583071051,29.2179479490758],[-90.3378191917462,29.2234016540423],[-90.3304066281949,29.2210943532149],[-90.3217984905438,29.2252894068252],[-90.3100818577178,29.2336789922631],[-90.3057777884431,29.2286453241137],[-90.3053949624016,29.2220123400137],[-90.2921322517166,29.2274156667976],[-90.2857465029592,29.2205387057818],[-90.2827992338183,29.1999078223022],[-90.2818168110707,29.1714175560392],[-90.2803431760511,29.1630669604558],[-90.2754310614151,29.1498042499954],[-90.2877113484543,29.1512778847729],[-90.2954958459742,29.1472330165865],[-90.3029084095255,29.1415652982924],[-90.3041039836253,29.1333780375081],[-90.3069733634412,29.1327482207824],[-90.3100818577178,29.1327482207824],[-90.3131903519944,29.1409355325179],[-90.3158206164513,29.148702373215],[-90.3172553059101,29.1411454548715],[-90.3174944212691,29.1285493437438],[-90.3103209721785,29.1249801618272],[-90.3009954893488,29.1111221529556],[-90.2931046959779,29.1018824322982],[-90.285213902607,29.103142443053],[-90.2792360294129,29.1018824322982],[-90.2682367417655,29.0943220375963],[-90.2636935571318,29.086551047298],[-90.2699105456849,29.0791995654689],[-90.2754101899578,29.077519152342],[-90.2792360294129,29.077519152342],[-90.2856921324266,29.0808799511885],[-90.2904744315209,29.0800397617547],[-90.2938220411565,29.0762588241187],[-90.2952567306153,29.0713433966757],[-90.3012346047077,29.0757546888269],[-90.3031475239861,29.0778552373169],[-90.3043430989843,29.0835265015077],[-90.301951948988,29.085836926778],[-90.3005172595292,29.0900375650801],[-90.2986043402508,29.0936079709617],[-90.2897570872407,29.0933979507903],[-90.2799533736931,29.0866770681446],[-90.2768448794166,29.0816361155847],[-90.2706278908635,29.0856268899731],[-90.2699105456849,29.0906676456556],[-90.2780404544147,29.0982283110612],[-90.285213902607,29.1009584141375],[-90.2916700065191,29.0996983758627],[-90.2976478806116,29.1007484089602],[-90.308647168259,29.1137679181217],[-90.3234722944632,29.1230065605378],[-90.3277763637379,29.1244762674434],[-90.3241896396418,29.1406416405024],[-90.3244287550008,29.1500877473146],[-90.3244287550008,29.1563846649172],[-90.3296892839146,29.1654095665298],[-90.3265807887398,29.1660391806978],[-90.3237114098222,29.1628910696764],[-90.3206029155456,29.1626811925423],[-90.3217984905438,29.1704463717535],[-90.3220376050044,29.1777912660133],[-90.3246678694614,29.1803093933607],[-90.3284937089165,29.1773715722446],[-90.331602203193,29.1723351099956],[-90.3335151224715,29.1651996937594],[-90.3330368926518,29.1593230929918],[-90.3304066281949,29.1544956308759],[-90.3282545935575,29.147149052671],[-90.3287328233771,29.1468131963229]]]},"properties":{"objectid":152,"id":0,"area":57.21794989,"Shape__Area":75696718.732421875,"Shape__Length":81372.442565687408}},{"type":"Feature","id":153,"geometry":{"type":"Polygon","coordinates":[[[-90.3098427423588,29.0954981355825],[-90.3093645125392,29.0931879301905],[-90.3115165471766,29.0923478419376],[-90.3124730068158,29.0946580669632],[-90.3098427423588,29.0954981355825]]]},"properties":{"objectid":153,"id":0,"area":0.08644019,"Shape__Area":86885.015625,"Shape__Length":1186.1831737719071}},{"type":"Feature","id":154,"geometry":{"type":"Polygon","coordinates":[[[-90.299321684531,29.1173374930698],[-90.2950176161546,29.1099882322112],[-90.2959740757938,29.1087283052685],[-90.2990825700704,29.1122980566357],[-90.3000390297096,29.1143978518818],[-90.299321684531,29.1173374930698]]]},"properties":{"objectid":154,"id":0,"area":0.22283147,"Shape__Area":223977.75390625,"Shape__Length":2486.9651220886776}},{"type":"Feature","id":155,"geometry":{"type":"Polygon","coordinates":[[[-90.3607742266802,29.1055784212067],[-90.3547963534861,29.0952881192665],[-90.3512096293899,29.0885673607707],[-90.3569483881234,29.0954981355825],[-90.362448031498,29.1034784436299],[-90.3607742266802,29.1055784212067]]]},"properties":{"objectid":155,"id":0,"area":0.41980174,"Shape__Area":421961.908203125,"Shape__Length":5017.5392653060107}},{"type":"Feature","id":156,"geometry":{"type":"Polygon","coordinates":[[[-90.3538398929486,29.0824762912143],[-90.3550354679467,29.0793255953093],[-90.3555136977663,29.0778552373169],[-90.3586221920429,29.0784853931995],[-90.3665129854137,29.0776451842379],[-90.3708170546884,29.0749144575979],[-90.3775122730612,29.072603785018],[-90.3775122730612,29.0774351307307],[-90.3722517441472,29.0807959323179],[-90.3643609507764,29.0831064188322],[-90.3538398929486,29.0824762912143]]]},"properties":{"objectid":156,"id":0,"area":1.67105891,"Shape__Area":1679660.744140625,"Shape__Length":6692.1097035351222}},{"type":"Feature","id":157,"geometry":{"type":"Polygon","coordinates":[[[-90.2072624294359,29.1120880745971],[-90.2115664987106,29.1059984114234],[-90.2185008315439,29.1003283965356],[-90.2213702113599,29.0950781017372],[-90.2208919815403,29.0915077476159],[-90.225196050815,29.0837365425956],[-90.2240004758168,29.0915077476159],[-90.2242395911758,29.0969682393695],[-90.2204137517207,29.1020084335969],[-90.2156314526263,29.1074683628993],[-90.2086971188947,29.1129280001802],[-90.2072624294359,29.1120880745971]]]},"properties":{"objectid":157,"id":0,"area":1.29447727,"Shape__Area":1301137.865234375,"Shape__Length":8840.9478949040949}},{"type":"Feature","id":158,"geometry":{"type":"Polygon","coordinates":[[[-90.2584595967907,28.9315889599873],[-90.2363547481028,28.9368242847221],[-90.2053229415846,28.9424332643248],[-90.2078735012214,28.939067913468],[-90.2389053077396,28.933832703643],[-90.2567592242984,28.9297191361128],[-90.2584595967907,28.9315889599873]]]},"properties":{"objectid":158,"id":0,"area":1.85077526,"Shape__Area":1860328.35546875,"Shape__Length":12467.465459980051}},{"type":"Feature","id":159,"geometry":{"type":"Polygon","coordinates":[[[-90.2248772306358,28.9753331005973],[-90.2278528829465,28.9757069021414],[-90.2270026967003,28.9899103317514],[-90.2261525104542,29.0149484204622],[-90.2291281627648,29.0276519717491],[-90.2350794682844,29.0418481901833],[-90.2431562398686,29.0496926226261],[-90.2503828252066,29.0496926226261],[-90.255909037154,29.0496926226261],[-90.2610101564275,29.0485720261621],[-90.2656861821287,29.0474514175251],[-90.27036220783,29.0455837094129],[-90.2695120215838,29.0418481901833],[-90.2699371142577,29.0384861063066],[-90.2754633262051,29.0373653873397],[-90.277588793168,29.0414746309792],[-90.2843902849337,29.0429688604667],[-90.2903415904534,29.0481984913023],[-90.2945925225824,29.0463307967152],[-90.2988434547114,29.0444630683157],[-90.3039445739849,29.0437159667034],[-90.3098958795045,29.0399803798541],[-90.3158471850242,29.0407275077286],[-90.3166973712703,29.0444630683157],[-90.3183977446609,29.0481984913023],[-90.3239239566083,29.04782495509],[-90.3320007281924,29.0504396801724],[-90.3358265676475,29.0459572537403],[-90.3409276860227,29.0377389614191],[-90.3477291777885,29.0328823874177],[-90.3536804833081,29.0269047476544],[-90.3604819750739,29.0298936115861],[-90.3515550172436,29.0347503277803],[-90.3439033392317,29.0381125349317],[-90.3392273135304,29.0448366167006],[-90.3337011006847,29.0526808195629],[-90.3268996089189,29.0526808195629],[-90.3226486767899,29.0496926226261],[-90.3192479309071,29.0519337782483],[-90.3162722776981,29.0519337782483],[-90.3132966253874,29.0485720261621],[-90.3132966253874,29.0444630683157],[-90.3069202262956,29.0463307967152],[-90.3073453198678,29.0496926226261],[-90.3026692941665,29.0496926226261],[-90.293317242764,29.049319091824],[-90.2873659372444,29.049319091824],[-90.2852404711799,29.04782495509],[-90.2797142592325,29.04782495509],[-90.2699371142577,29.0508132069167],[-90.2571843169724,29.0526808195629],[-90.2503828252066,29.0534278546816],[-90.2384802141674,29.0541748851747],[-90.2316787224016,29.056042436164],[-90.2287030700909,29.0519337782483],[-90.2295532563371,29.0452101637329],[-90.2248772306358,29.0351239121106],[-90.2219015783251,29.0254102832417],[-90.2236019508174,29.0089697323368],[-90.2227517645713,28.9943952156599],[-90.2248772306358,28.9753331005973]]]},"properties":{"objectid":159,"id":0,"area":14.05491942,"Shape__Area":14127327.994140625,"Shape__Length":55517.030855570156}},{"type":"Feature","id":160,"geometry":{"type":"Polygon","coordinates":[[[-90.3596317888277,29.0242894207374],[-90.3592066952555,29.0213003937928],[-90.3558059493726,29.0112117816158],[-90.3545306695543,29.0056065668059],[-90.3617572548923,29.0078486890602],[-90.3651580007751,29.0063539465579],[-90.3723845861132,28.9992536183289],[-90.378760985205,28.9910315711622],[-90.3800362641251,28.9854252509628],[-90.3796111714511,28.9801924082602],[-90.3825868237618,28.9768282970992],[-90.3898134090998,28.9764544996064],[-90.3906635953459,28.9794448378052],[-90.390238502672,28.9828088630952],[-90.3906635953459,28.9899103317514],[-90.3961898081917,28.9839301802855],[-90.3991654605023,28.9839301802855],[-90.408942605477,28.9824350879972],[-90.4233957752547,28.9775758864615],[-90.4246710550731,28.9794448378052],[-90.4072422320864,28.9854252509628],[-90.4140437238522,28.999627332637],[-90.4085175119048,28.9966375842693],[-90.4034163926313,28.9899103317514],[-90.4029912999574,28.9857990152554],[-90.3974650871117,28.9861727781972],[-90.3940643412288,28.992526537607],[-90.3919388751643,28.9970113072494],[-90.3868377567891,28.9981324696547],[-90.3783358916328,29.004485487043],[-90.3728096796854,29.0078486890602],[-90.368558746658,29.0134537814563],[-90.3668583741657,29.0201794858932],[-90.3626074411384,29.0257839013728],[-90.3596317888277,29.0242894207374]]]},"properties":{"objectid":160,"id":0,"area":10.15631116,"Shape__Area":10208674.400390625,"Shape__Length":29085.251690136825}},{"type":"Feature","id":161,"geometry":{"type":"Polygon","coordinates":[[[-90.3660081879196,28.9977587499421],[-90.3689838402302,28.992152798415],[-90.3668583741657,28.9891628315327],[-90.3672834668397,28.9846777183255],[-90.3694089338025,28.9783234712077],[-90.3740849595037,28.9801924082602],[-90.3736598659315,28.9846777183255],[-90.371534399867,28.9891628315327],[-90.3711093062948,28.9966375842693],[-90.3660081879196,28.9977587499421]]]},"properties":{"objectid":161,"id":0,"area":1.1901839699999999,"Shape__Area":1196321.421875,"Shape__Length":5950.8582120577712}},{"type":"Feature","id":162,"geometry":{"type":"Polygon","coordinates":[[[-90.4821531083452,29.0648991436491],[-90.4651493780324,29.0589233783365],[-90.4542669917462,29.0577281826133],[-90.4501860963274,29.057130580342],[-90.4447449027351,29.0565329738223],[-90.4413441568523,29.0580269828428],[-90.4447449027351,29.0604173519388],[-90.4512063201821,29.0637040187665],[-90.4583478862667,29.0684844351646],[-90.4590280358026,29.0735633819227],[-90.4549471403838,29.076252133463],[-90.4490147282312,29.0812145210137],[-90.4605016923818,29.0881183096783],[-90.468361193838,29.0944906223014],[-90.46654746294,29.1061721618972],[-90.4641291541777,29.1136051718665],[-90.4592925384498,29.1252845190509],[-90.4496193051972,29.1295312225684],[-90.4429689576729,29.1353701497806],[-90.4339003013864,29.1438625379804],[-90.4332957244204,29.1465162636563],[-90.4272499538621,29.1576611551461],[-90.4193904524058,29.1581918336911],[-90.4145538357796,29.1613758481569],[-90.4103217961193,29.1613758481569],[-90.4066943343233,29.164029116689],[-90.4060897573573,29.1698660639062],[-90.4048806034253,29.1783555703951],[-90.3964165241047,29.1799472737452],[-90.3933936392748,29.1741109061102],[-90.3946027932068,29.1560691030574],[-90.3946027932068,29.142801027735],[-90.3939982162408,29.1332469421068],[-90.3964165241047,29.1268770536197],[-90.3958119471387,29.116790581174],[-90.3970211010707,29.1077649955088],[-90.403671448595,29.1019244845522],[-90.4103217961193,29.1061721618972],[-90.4139492588136,29.1136051718665],[-90.4181812984738,29.1114815100829],[-90.4181812984738,29.1061721618972],[-90.4187858754398,29.1008625374329],[-90.4218087602698,29.0918355406829],[-90.4266453768961,29.0865251689301],[-90.4224133372358,29.0796212727012],[-90.4278545308281,29.0774969027671],[-90.4302728395904,29.0801523579481],[-90.4332957244204,29.0743102641698],[-90.4332957244204,29.0679366897758],[-90.4296682626244,29.0727169083088],[-90.4230179151001,29.0769658030471],[-90.4181812984738,29.0743102641698],[-90.4163675666775,29.0679366897758],[-90.4187858754398,29.061031535497],[-90.4175767215079,29.0594379712255],[-90.4145538357796,29.0631562479761],[-90.4121355279156,29.0700612591535],[-90.4175767215079,29.0774969027671],[-90.4169721445419,29.0875872655004],[-90.4115309509496,29.0790901839316],[-90.4048806034253,29.0759035961796],[-90.4097172191533,29.069530121111],[-90.4079034882553,29.0615627173291],[-90.402462294663,29.0652809166679],[-90.401253140731,29.0790901839316],[-90.3982302550027,29.0679366897758],[-90.3933936392748,29.0642185877955],[-90.3843249829882,29.0647497539927],[-90.3692105561433,29.0514697804584],[-90.3728380188377,29.050938545066],[-90.3782792124299,29.0583755821472],[-90.3982302550027,29.0589067784472],[-90.4066943343233,29.0562507695833],[-90.4066943343233,29.0482823294204],[-90.4109263739836,29.0493448240434],[-90.4151584127456,29.0541259132385],[-90.4205996063378,29.0541259132385],[-90.4236224920661,29.0578443831108],[-90.4266453768961,29.0530634686489],[-90.4290636856584,29.0477510783977],[-90.4314819935224,29.054657131429],[-90.4369231871147,29.054657131429],[-90.4357140331827,29.0435009670185],[-90.4308774165564,29.0360628465197],[-90.4284591077941,29.030218229424],[-90.4278545308281,29.020653589572],[-90.4242270690321,29.0158709338937],[-90.4121355279156,29.0233105241977],[-90.4066943343233,29.0270301156301],[-90.4139492588136,29.0158709338937],[-90.4205996063378,29.0009901301124],[-90.4193904524058,29.0089622587709],[-90.4212041833038,29.0094937117812],[-90.4248316459981,28.9988641243862],[-90.4375277640807,28.9791964765644],[-90.441759803741,28.9589933382791],[-90.4393414949786,28.9388393975905],[-90.4375277640807,28.9292662185936],[-90.4320865704884,28.9042653726074],[-90.4326911474544,28.8851116720011],[-90.4423643807069,28.8734048755173],[-90.4363186101487,28.865954401299],[-90.4302728395904,28.8563744285064],[-90.4375277640807,28.8462612671717],[-90.4447826885709,28.8478581481188],[-90.4496193051972,28.8313558495781],[-90.4496193051972,28.8196429376965],[-90.4635245772117,28.811123620293],[-90.467152039906,28.8020710735382],[-90.4792435810226,28.7860940537207],[-90.4883122373091,28.7882244658674],[-90.4871030824788,28.7765066549645],[-90.4840801976489,28.7653202302438],[-90.4792435810226,28.7530670419712],[-90.46957034777,28.7456078690087],[-90.4532467678915,28.7440094043129],[-90.4465964203672,28.7365495774245],[-90.4611062693478,28.7296221127981],[-90.4961717387654,28.7317536894646],[-90.5137044734742,28.7296221127981],[-90.5264005915568,28.7258917476539],[-90.5294234763868,28.7136338869635],[-90.5366784017753,28.7136338869635],[-90.5517928277219,28.7072379049179],[-90.5602569070424,28.6949778352067],[-90.576580486921,28.6907131235302],[-90.5898811828678,28.6907131235302],[-90.6031818779164,28.7040397656762],[-90.6104368024066,28.7024406590036],[-90.6225283435232,28.7083039296078],[-90.6346198846397,28.7157657927584],[-90.6455022718243,28.7205624213135],[-90.6666624692274,28.7184306140875],[-90.6727082397857,28.7296221127981],[-90.6763357015816,28.7445422285959],[-90.6823814721399,28.7663856562555],[-90.6829860491059,28.7770393110417],[-90.6829860491059,28.7919525816],[-90.6757311246156,28.8201753717977],[-90.6702899310234,28.8420027965578],[-90.6721036628197,28.818578061327],[-90.6733128167516,28.7988758673652],[-90.6678716231594,28.7866266608378],[-90.6636395834991,28.7679837744859],[-90.6551755050768,28.7551981356037],[-90.637038193402,28.7408124015426],[-90.6219237665572,28.7376152993647],[-90.6037864548823,28.7333523440266],[-90.5910903367998,28.7237600498736],[-90.575371332989,28.7237600498736],[-90.5669072545667,28.730155011237],[-90.5590477522121,28.7408124015426],[-90.5463516341296,28.7424109151572],[-90.5372829787413,28.7514686930077],[-90.5306326312171,28.754132594618],[-90.5239822836928,28.7674510713907],[-90.5264005915568,28.7850288313256],[-90.5203548209985,28.779169910515],[-90.5167273583042,28.7839635980497],[-90.5112861647119,28.7850288313256],[-90.5173319352702,28.792485158792],[-90.5046358171877,28.7919525816],[-90.4985900466294,28.7967456752329],[-90.4943863470197,28.8021168380468],[-90.4935361607735,28.8073587560698],[-90.4850342956172,28.8122260132198],[-90.4790829900976,28.8167186611622],[-90.4773826176053,28.8204623854958],[-90.4880099488262,28.8159699006182],[-90.5050136782406,28.8107284197949],[-90.5241428737195,28.8200880197483],[-90.5385960443955,28.8339386677698],[-90.5385960443955,28.8391789676643],[-90.5300941792391,28.8388046692242],[-90.5237177810456,28.8343129837125],[-90.522017407655,28.8563952189939],[-90.5152159158892,28.8960564868686],[-90.5096897039418,28.9330847944879],[-90.5164911957076,28.9237354719733],[-90.5224425012272,28.905782385784],[-90.5254181535379,28.8904449727332],[-90.5360454847588,28.8777244061731],[-90.524993060864,28.915507363752],[-90.5007627461116,28.9745854942437],[-90.491835787383,28.9988799034552],[-90.4943863470197,29.0246630429241],[-90.4948114405919,29.0328823874177],[-90.4871597616817,29.0332559777233],[-90.4790829900976,29.0246630429241],[-90.4812084561621,29.0287727977516],[-90.484609202045,29.0425953053198],[-90.4956616268381,29.0530543381913],[-90.5020380250316,29.0623918548218],[-90.5016129323577,29.0691143374285],[-90.4956616268381,29.0676204906401],[-90.4821531083452,29.0648991436491]]]},"properties":{"objectid":162,"id":0,"area":465.94616217,"Shape__Area":468352665.90039063,"Shape__Length":283154.3729595039}},{"type":"Feature","id":163,"geometry":{"type":"Polygon","coordinates":[[[-90.7528468878915,28.9633589613571],[-90.7633262234659,28.9541425643115],[-90.7754177645825,28.9406709545568],[-90.7842848946148,28.9399618734808],[-90.7963764357314,28.9328707927106],[-90.8004069491375,28.9250700383198],[-90.8060496689839,28.920105612354],[-90.8116923879321,28.9264884009597],[-90.8052435657637,28.9357072835563],[-90.7996008468156,28.9449253383235],[-90.7915398191051,28.9505975753675],[-90.787509305699,28.95343357623],[-90.7794482779885,28.952015585506],[-90.767356736872,28.9576874303378],[-90.7584896068396,28.9676124037575],[-90.7528468878915,28.9633589613571]]]},"properties":{"objectid":163,"id":0,"area":9.4897070799999987,"Shape__Area":9538683.796875,"Shape__Length":18757.431469742616}},{"type":"Feature","id":164,"geometry":{"type":"Polygon","coordinates":[[[-90.7794482779885,28.9271975750033],[-90.7802543812087,28.920105612354],[-90.7858971001569,28.9243608489374],[-90.7826726890727,28.9279067449822],[-90.7794482779885,28.9271975750033]]]},"properties":{"objectid":164,"id":0,"area":0.40261803,"Shape__Area":404696.76953125,"Shape__Length":2682.0563826548946}},{"type":"Feature","id":165,"geometry":{"type":"Polygon","coordinates":[[[-90.812498490254,28.9364163945313],[-90.8197534156426,28.9208148308393],[-90.8197534156426,28.9130131599633],[-90.8229778267268,28.9179779277967],[-90.8205595179645,28.9279067449822],[-90.8165290045584,28.9378346011392],[-90.812498490254,28.9364163945313]]]},"properties":{"objectid":165,"id":0,"area":1.1273305,"Shape__Area":1133150.748046875,"Shape__Length":6975.7269190875531}},{"type":"Feature","id":166,"geometry":{"type":"Polygon","coordinates":[[[-90.8721500935148,28.8966986589982],[-90.871343991193,28.8846384497608],[-90.875374504599,28.8725768249431],[-90.8818233267674,28.8676098626879],[-90.8842416346314,28.8718672736664],[-90.8785989156832,28.8796720696372],[-90.8769867101411,28.8860573706571],[-90.877792812463,28.892442275953],[-90.8802111212253,28.8981174135167],[-90.8721500935148,28.8966986589982]]]},"properties":{"objectid":166,"id":0,"area":2.52844126,"Shape__Area":2541505.931640625,"Shape__Length":9202.057803187492}},{"type":"Feature","id":167,"geometry":{"type":"Polygon","coordinates":[[[-90.8519975246878,28.8782530599356],[-90.8495792168238,28.8754149815968],[-90.8584463468562,28.8590945120136],[-90.8681195801088,28.8569655643714],[-90.8592524500764,28.8669002767102],[-90.855221935772,28.8747054497014],[-90.8519975246878,28.8782530599356]]]},"properties":{"objectid":167,"id":0,"area":1.53800089,"Shape__Area":1545950.548828125,"Shape__Length":7125.9987626832653}},{"type":"Feature","id":168,"geometry":{"type":"Polygon","coordinates":[[[-90.8415181891134,28.8810910599549],[-90.8350693678433,28.8789625668161],[-90.8423242923336,28.8711577175447],[-90.852803627908,28.8647714904963],[-90.848773114502,28.8718672736664],[-90.8415181891134,28.8810910599549]]]},"properties":{"objectid":168,"id":0,"area":1.26019445,"Shape__Area":1266707.12109375,"Shape__Length":5898.9373556777782}},{"type":"Feature","id":169,"geometry":{"type":"Polygon","coordinates":[[[-90.7544590934336,28.803727561662],[-90.7568774012975,28.7888159926998],[-90.7625201202457,28.7753227165918],[-90.7681628400922,28.7774533511246],[-90.7762238669044,28.7873957310909],[-90.7665506345501,28.7944968448885],[-90.7625201202457,28.8023075055709],[-90.7544590934336,28.803727561662]]]},"properties":{"objectid":169,"id":0,"area":4.43685074,"Shape__Area":4459817.986328125,"Shape__Length":9380.5176801005655}},{"type":"Feature","id":170,"geometry":{"type":"Polygon","coordinates":[[[-90.9962899157645,29.1198222807386],[-90.9908487230705,29.1161060705997],[-90.9884304143083,29.1097351093983],[-90.9914533000365,29.1028327842414],[-90.9987082245268,29.0959299922617],[-91.0059631490171,29.093274947759],[-91.0035448411531,29.0975229859429],[-91.0023356863228,29.1033637490071],[-90.9962899157645,29.1198222807386]]]},"properties":{"objectid":170,"id":0,"area":3.0075567199999997,"Shape__Area":3023029.734375,"Shape__Length":8198.3168856582979}},{"type":"Feature","id":171,"geometry":{"type":"Polygon","coordinates":[[[-91.0053585720511,29.0614090190637],[-91.0035448411531,29.0566282714372],[-91.0095906117114,29.0555658526263],[-91.0138226504733,29.0619401997362],[-91.0053585720511,29.0614090190637]]]},"properties":{"objectid":171,"id":0,"area":0.58203470000000013,"Shape__Area":585031.900390625,"Shape__Length":3211.1269424260472}},{"type":"Feature","id":172,"geometry":{"type":"Polygon","coordinates":[[[-91.0519110056193,28.9949897098139],[-91.046469812027,28.9870164924753],[-91.048283542925,28.9843586151747],[-91.0591659301095,28.9912689521934],[-91.0519110056193,28.9949897098139]]]},"properties":{"objectid":172,"id":0,"area":0.84247824,"Shape__Area":846822.4765625,"Shape__Length":4008.8561814398345}},{"type":"Feature","id":173,"geometry":{"type":"Polygon","coordinates":[[[-91.1438067179254,28.8338104140489],[-91.1377609473671,28.829019042976],[-91.1456204497217,28.8183707544184],[-91.1528753742119,28.8146435939584],[-91.1504570654496,28.8247598596516],[-91.1438067179254,28.8338104140489]]]},"properties":{"objectid":173,"id":0,"area":1.77781026,"Shape__Area":1787006.68359375,"Shape__Length":6135.9247637259568}},{"type":"Feature","id":174,"geometry":{"type":"Polygon","coordinates":[[[-91.0325645400125,28.8332780504647],[-91.0271233464202,28.8316809433738],[-91.0355874248424,28.813046197858],[-91.0404240414687,28.8119812532526],[-91.0349828478764,28.8231626202928],[-91.0325645400125,28.8332780504647]]]},"properties":{"objectid":174,"id":0,"area":1.27730572,"Shape__Area":1283913.513671875,"Shape__Length":6599.8724066948271}},{"type":"Feature","id":175,"geometry":{"type":"Polygon","coordinates":[[[-90.9370413641138,28.8306161916983],[-90.9334139023178,28.8295514283439],[-90.9527603679246,28.8007986740824],[-90.9582015615169,28.8023962595452],[-90.9370413641138,28.8306161916983]]]},"properties":{"objectid":175,"id":0,"area":2.1967846499999997,"Shape__Area":2208150.380859375,"Shape__Length":9595.288002585763}},{"type":"Feature","id":176,"geometry":{"type":"Polygon","coordinates":[[[-90.9455054434343,28.7683090675905],[-90.943087134672,28.7608509937712],[-90.9467145973663,28.7480644726208],[-90.9557832536529,28.7315462083828],[-90.9624336011772,28.7144923299718],[-90.9721068335314,28.7048982882041],[-90.9721068335314,28.6969025744974],[-90.97936175892,28.6835750141791],[-90.981175489818,28.6947702803735],[-90.980570912852,28.7070303743993],[-90.9727114104974,28.7224866852263],[-90.9624336011772,28.740072093294],[-90.9582015615169,28.7443347729067],[-90.9666656399391,28.7384735438947],[-90.9660610629731,28.7539251579779],[-90.9455054434343,28.7683090675905]]]},"properties":{"objectid":176,"id":0,"area":13.941656,"Shape__Area":14013903.234375,"Shape__Length":26245.514419531341}},{"type":"Feature","id":177,"geometry":{"type":"Polygon","coordinates":[[[-91.0138226504733,28.7501956691298],[-91.0101951886774,28.7501956691298],[-91.0107997656434,28.7411377800937],[-91.0216821528279,28.7251513337054],[-91.0307508082162,28.7011670324266],[-91.0367965787744,28.6921048500598],[-91.0434469262987,28.6921048500598],[-91.0301462312502,28.7176901465142],[-91.0138226504733,28.7501956691298]]]},"properties":{"objectid":177,"id":0,"area":5.1522526599999994,"Shape__Area":5178956.09765625,"Shape__Length":17277.324817317673}},{"type":"Feature","id":178,"geometry":{"type":"Polygon","coordinates":[[[-90.9860121064443,28.7677763661558],[-90.979966335886,28.7640473768278],[-90.9866166834102,28.7480644726208],[-90.9932670309345,28.7422034552354],[-90.9932670309345,28.7411377800937],[-90.9962899157645,28.7267500892482],[-90.9968944936288,28.7192890169357],[-90.9999173784588,28.7118274075066],[-90.9974990705948,28.7086294101387],[-90.9890349912742,28.7155582799461],[-90.9866166834102,28.7134263691334],[-90.9974990705948,28.6915717561682],[-91.0041494181191,28.6787766727006],[-91.0053585720511,28.6649135499061],[-91.0114043426093,28.665446781065],[-91.0120089195754,28.670778943432],[-91.0089860347454,28.6841081495745],[-91.0107997656434,28.6926379420248],[-91.0120089195754,28.6963695050388],[-91.0168455362016,28.7001009342348],[-91.0180546901336,28.7080964012038],[-91.0107997656434,28.7278159126933],[-91.0005219554248,28.7427362887297],[-90.9932670309345,28.7491300763114],[-90.9872212603763,28.7549907010804],[-90.9860121064443,28.7677763661558]]]},"properties":{"objectid":178,"id":0,"area":17.395363829999997,"Shape__Area":17485541.9609375,"Shape__Length":31748.2193935057}},{"type":"Feature","id":179,"geometry":{"type":"Polygon","coordinates":[[[-91.112973288168,28.7565889961337],[-91.110554980304,28.7517940383653],[-91.11115955727,28.7469988580581],[-91.1196236356923,28.7358092389724],[-91.1262739832166,28.7374078299203],[-91.1208327896243,28.7432691195065],[-91.112973288168,28.7565889961337]]]},"properties":{"objectid":179,"id":0,"area":1.6758975700000003,"Shape__Area":1684579.931640625,"Shape__Length":6614.2494853843818}},{"type":"Feature","id":180,"geometry":{"type":"Polygon","coordinates":[[[-91.0404240414687,28.6846412822557],[-91.0361920018084,28.6830418760696],[-91.049492696857,28.6611808542548],[-91.0525155825853,28.6617141044041],[-91.0404240414687,28.6846412822557]]]},"properties":{"objectid":180,"id":0,"area":1.33165915,"Shape__Area":1338567.765625,"Shape__Length":7205.607090874475}},{"type":"Feature","id":181,"geometry":{"type":"Polygon","coordinates":[[[-91.0313553851822,28.6777103441282],[-91.0271233464202,28.6739781090368],[-91.0271233464202,28.665980009511],[-91.0277279233862,28.6611808542548],[-91.0313553851822,28.6617141044041],[-91.0392148875367,28.6601143450297],[-91.044656081129,28.6579812932388],[-91.0434469262987,28.6686461110438],[-91.0313553851822,28.6777103441282]]]},"properties":{"objectid":181,"id":0,"area":3.1049399600000003,"Shape__Area":3121049.662109375,"Shape__Length":7396.4001919322609}},{"type":"Feature","id":182,"geometry":{"type":"Polygon","coordinates":[[[-91.0210775758619,28.6569147514618],[-91.0180546901336,28.6521151764403],[-91.0168455362016,28.6473153793628],[-91.0107997656434,28.6478487016106],[-91.0059631490171,28.6425153610411],[-91.0089860347454,28.6361149904798],[-91.0126134965413,28.6275805499679],[-91.0150318053037,28.6233130663172],[-91.0216821528279,28.6222461681018],[-91.0198684210316,28.6302476372784],[-91.0168455362016,28.6414486595978],[-91.0204729979976,28.648382020358],[-91.0210775758619,28.6569147514618]]]},"properties":{"objectid":182,"id":0,"area":3.44011947,"Shape__Area":3457978.62109375,"Shape__Length":10798.183459905194}},{"type":"Feature","id":183,"geometry":{"type":"Polygon","coordinates":[[[-91.0005219554248,28.6238465113592],[-90.9974990705948,28.6185119381822],[-91.0029402641871,28.6185119381822],[-91.0083814568811,28.6185119381822],[-91.0005219554248,28.6238465113592]]]},"properties":{"objectid":183,"id":0,"area":0.40765076,"Shape__Area":409767.69140625,"Shape__Length":3072.9560204832005}},{"type":"Feature","id":184,"geometry":{"type":"Polygon","coordinates":[[[-90.8685226317189,28.562927191469],[-90.8483700628919,28.5373037501797],[-90.8628799118724,28.5444220046252],[-90.8636860150926,28.5401511101487],[-90.8725531451249,28.5501162580643],[-90.874165350667,28.5579453490723],[-90.8685226317189,28.562927191469]]]},"properties":{"objectid":184,"id":0,"area":3.32159879,"Shape__Area":3338870.04296875,"Shape__Length":9847.2351975880665}},{"type":"Feature","id":185,"geometry":{"type":"Polygon","coordinates":[[[-89.1362700349288,28.1238174357327],[-89.1253876486425,28.1141691727249],[-89.0939496410208,28.1082725804036],[-89.1018091433754,28.105592202492],[-89.1205510320162,28.1061282832736],[-89.1368746127931,28.1200654376756],[-89.1362700349288,28.1238174357327]]]},"properties":{"objectid":185,"id":0,"area":2.71993646,"Shape__Area":2734198.021484375,"Shape__Length":11328.468131129277}},{"type":"Feature","id":186,"geometry":{"type":"Polygon","coordinates":[[[-89.245093905876,28.1565078017473],[-89.2299794790312,28.1452548792195],[-89.24448932891,28.1452548792195],[-89.2523488303663,28.1522211150722],[-89.245093905876,28.1565078017473]]]},"properties":{"objectid":186,"id":0,"area":1.730251,"Shape__Area":1739316.3828125,"Shape__Length":6030.1232482959913}},{"type":"Feature","id":187,"geometry":{"type":"Polygon","coordinates":[[[-88.8363998148791,28.144183110223],[-88.8255174276945,28.1366804222144],[-88.8297494673548,28.1366804222144],[-88.8370043918451,28.139895924615],[-88.8363998148791,28.144183110223]]]},"properties":{"objectid":187,"id":0,"area":0.45294529,"Shape__Area":455318.875,"Shape__Length":3458.1367970114711}},{"type":"Feature","id":188,"geometry":{"type":"Polygon","coordinates":[[[-88.1154416742329,28.5069570773568],[-88.1100004806406,28.506156010466],[-88.1050127197728,28.4925369317114],[-88.100931824354,28.482922395907],[-88.0936768998638,28.4745089511349],[-88.0977577952825,28.4737076356152],[-88.1077333161198,28.4797173542436],[-88.1100004806406,28.4885309827796],[-88.1113607788141,28.4985455676986],[-88.1154416742329,28.5069570773568]]]},"properties":{"objectid":188,"id":0,"area":2.79750334,"Shape__Area":2812067.486328125,"Shape__Length":10455.061815940708}},{"type":"Feature","id":189,"geometry":{"type":"Polygon","coordinates":[[[-88.089596004445,28.4556764071914],[-88.0882357062715,28.4524705303141],[-88.0927700344148,28.4516690453138],[-88.0932234671393,28.4556764071914],[-88.089596004445,28.4556764071914]]]},"properties":{"objectid":189,"id":0,"area":0.21146883,"Shape__Area":212570.517578125,"Shape__Length":1861.7959089557351}},{"type":"Feature","id":190,"geometry":{"type":"Polygon","coordinates":[[[-88.0927700344148,28.44445540773],[-88.0864219753735,28.4424515311826],[-88.0809807817812,28.4364396714046],[-88.0768998863624,28.4296258132453],[-88.0823410799547,28.4300266408086],[-88.0841548108527,28.4236132176391],[-88.0900494371695,28.4224106567446],[-88.0923166016903,28.4356380641311],[-88.0927700344148,28.44445540773]]]},"properties":{"objectid":190,"id":0,"area":2.72998619,"Shape__Area":2744213.865234375,"Shape__Length":7627.0892153312388}},{"type":"Feature","id":191,"geometry":{"type":"Polygon","coordinates":[[[-88.0841548108527,28.4091815798837],[-88.0814342145057,28.4039696669802],[-88.0823410799547,28.4003612678038],[-88.085968542649,28.4047715164242],[-88.0841548108527,28.4091815798837]]]},"properties":{"objectid":191,"id":0,"area":0.27006863000000003,"Shape__Area":271476.88671875,"Shape__Length":2475.9079220456051}},{"type":"Feature","id":192,"geometry":{"type":"Polygon","coordinates":[[[-88.0687380964232,28.4027668806453],[-88.0651106337289,28.4011631445559],[-88.0619366046574,28.3983565477952],[-88.0524145156463,28.38953532513],[-88.0474267547785,28.383119424],[-88.0442527257071,28.3726927492977],[-88.048787052952,28.3722917024228],[-88.0524145156463,28.3787082649492],[-88.0587625746876,28.3843224356765],[-88.0610297383101,28.3911392387601],[-88.0687380964232,28.4027668806453]]]},"properties":{"objectid":192,"id":0,"area":2.6994123799999996,"Shape__Area":2713493.17578125,"Shape__Length":9859.6372257545}},{"type":"Feature","id":193,"geometry":{"type":"Polygon","coordinates":[[[-88.0460664566051,28.3430111604395],[-88.0458964189965,28.3460724626173],[-88.0425806914687,28.3444929317089],[-88.0397750767666,28.3440416333009],[-88.0362042932752,28.339528539805],[-88.0328885657474,28.334112571358],[-88.0298278941834,28.3298247322357],[-88.0260020556265,28.324859647836],[-88.0209009363531,28.3185401099895],[-88.0188604886437,28.3165087497128],[-88.0216661042441,28.3153801990182],[-88.0206458803894,28.3119944742835],[-88.01860543268,28.3083829150268],[-88.0165649849706,28.3086086409741],[-88.0124840904501,28.3043197621148],[-88.0109537546681,28.2966444915286],[-88.0081481390677,28.2898717282776],[-88.0034437742141,28.2812145007046],[-87.9975491478974,28.2723834457233],[-87.9980025806219,28.2683690850598],[-87.9989094460709,28.2639531118972],[-88.0084315350819,28.2743905685411],[-88.0134192950514,28.2832214555302],[-88.0088849678064,28.2840242265531],[-88.0106986987044,28.2880379908832],[-88.0138727277759,28.2988743907956],[-88.0197673540927,28.3060980378431],[-88.0238482495115,28.3169325796629],[-88.0306497412772,28.32214881279],[-88.032010040349,28.326963568725],[-88.035637502145,28.3313769003818],[-88.0460664566051,28.3430111604395]]]},"properties":{"objectid":193,"id":0,"area":5.69098575,"Shape__Area":5720717.80078125,"Shape__Length":25212.956083820245}},{"type":"Feature","id":194,"geometry":{"type":"Polygon","coordinates":[[[-87.9957354161011,28.2531030837679],[-87.99369496929,28.2449723596147],[-87.9892739995524,28.2386480299991],[-87.9882537756977,28.235033957097],[-87.9919945958994,28.2386480299991],[-87.9967556399558,28.2428642919334],[-87.9977758638105,28.2485860926485],[-87.9987960876652,28.2531030837679],[-87.9957354161011,28.2531030837679]]]},"properties":{"objectid":194,"id":0,"area":0.76458403000000008,"Shape__Area":768582.775390625,"Shape__Length":5485.5398576397583}},{"type":"Feature","id":195,"geometry":{"type":"Polygon","coordinates":[[[-88.1123796030936,28.7651173437453],[-88.1241688557271,28.7407426774917],[-88.1219016912063,28.7275539873919],[-88.1214482584818,28.7219582766918],[-88.1282497511459,28.7295523812805],[-88.1277963175231,28.7411423082582],[-88.1191810948593,28.7619209934541],[-88.1123796030936,28.7651173437453]]]},"properties":{"objectid":195,"id":0,"area":2.55163898,"Shape__Area":2564859.064453125,"Shape__Length":12131.466691123598}},{"type":"Feature","id":196,"geometry":{"type":"Polygon","coordinates":[[[-88.167698403567,28.6403864806211],[-88.164070941771,28.6383863663253],[-88.1645243744955,28.6323857923045],[-88.1749533280573,28.6339859794009],[-88.167698403567,28.6403864806211]]]},"properties":{"objectid":196,"id":0,"area":0.7095671,"Shape__Area":713250.783203125,"Shape__Length":3563.2856120769611}},{"type":"Feature","id":197,"geometry":{"type":"Polygon","coordinates":[[[-88.0049160312181,28.6731828582944],[-88.0026488666973,28.6635849916613],[-87.9963008076561,28.6543862026837],[-88.0017420012483,28.6491865267209],[-88.0021954339728,28.6583857766354],[-88.0076366275651,28.666384461254],[-88.0085434930141,28.6699836684072],[-88.0049160312181,28.6731828582944]]]},"properties":{"objectid":197,"id":0,"area":1.14779167,"Shape__Area":1153747.62109375,"Shape__Length":6893.4228843425735}},{"type":"Feature","id":198,"geometry":{"type":"Polygon","coordinates":[[[-89.6655696156232,28.7671613635242],[-89.6607235523134,28.7662624181437],[-89.6589381605677,28.7631160463679],[-89.6673550073689,28.7653634650202],[-89.6655696156232,28.7671613635242]]]},"properties":{"objectid":198,"id":0,"area":0.23055756000000002,"Shape__Area":231751.5703125,"Shape__Length":2279.8320715441973}},{"type":"Feature","id":199,"geometry":{"type":"Polygon","coordinates":[[[-89.8609550656015,28.8741223660699],[-89.8599419267595,28.8775254301446],[-89.8551596276652,28.8819029877807],[-89.849803452428,28.8894790893872],[-89.8473166570068,28.8950345419108],[-89.8440646936945,28.8995796894684],[-89.8415778982733,28.9032829937551],[-89.8423430661643,28.9069861651069],[-89.8417691900214,28.910689202727],[-89.8392823946002,28.9096792964833],[-89.8388998111038,28.906312870554],[-89.8381346432128,28.903114664716],[-89.8410040221304,28.8995796894684],[-89.8440646936945,28.8930144117509],[-89.8471253652586,28.8883006213252],[-89.8511424964619,28.8834182527877],[-89.8488469927888,28.8854385712185],[-89.8431082340553,28.8918359846004],[-89.8373694753218,28.9002530269203],[-89.8341175120095,28.9059762220325],[-89.8289526294189,28.9170850433696],[-89.8224487027943,28.9249951382471],[-89.8167099440608,28.9347556913343],[-89.8147970238841,28.9391308099225],[-89.8092495568987,28.9445153158726],[-89.8050411339473,28.9500677911519],[-89.8092495568987,28.9492265260782],[-89.8121189367147,28.9470392053815],[-89.8126928128575,28.9497312862568],[-89.8102060174363,28.9549469908461],[-89.8079105137632,28.9576388638228],[-89.8058063018383,28.960162430397],[-89.8042759660563,28.963358858396],[-89.8015978788869,28.9642000078763],[-89.8015978788869,28.9670598618396],[-89.8023630467779,28.9697514167334],[-89.8023630467779,28.9731157603443],[-89.799493666962,28.97496610259],[-89.7978995678627,28.979367539367],[-89.796114176117,28.981161701824],[-89.7933085605166,28.9777976221829],[-89.7905029449162,28.9744334315796],[-89.7915231687709,28.9699476734356],[-89.7851467705773,28.9661346233844],[-89.7810658751585,28.9641158932358],[-89.7762198118487,28.9618728125162],[-89.7700984696189,28.9616485016139],[-89.7632119585997,28.9614241902257],[-89.7553052246241,28.9605269405985],[-89.75224455306,28.9573865037039],[-89.7489288255322,28.9542459707742],[-89.7420423154113,28.9535729870406],[-89.7379614199926,28.9533486581576],[-89.7328603016174,28.9479646160494],[-89.7264839025255,28.9423559390342],[-89.7234232309614,28.9378687761347],[-89.7178120006589,28.9371956844297],[-89.7139861612038,28.9405610968776],[-89.710670433676,28.9392149456431],[-89.707864818974,28.9362982225465],[-89.7025086437368,28.9354007528915],[-89.699192916209,28.9313620409125],[-89.6958771895796,28.9277719415525],[-89.6933266299428,28.9237329299841],[-89.6956221336159,28.9210401674084],[-89.7007232519911,28.9196937595057],[-89.6997030281364,28.923508535708],[-89.7037839235552,28.9262012341835],[-89.7116906575307,28.9284450952427],[-89.7162816648769,28.9262012341835],[-89.7127108813854,28.9219377629652],[-89.7147513290948,28.9201425640823],[-89.7188322245136,28.9201425640823],[-89.7244434548161,28.9196937595057],[-89.730054686017,28.9208157673052],[-89.7338805254721,28.9196937595057],[-89.7341355814358,28.9167764816302],[-89.7346456933631,28.9125126190009],[-89.7371962521015,28.9127370370689],[-89.7382164759562,28.9163276624872],[-89.7400018677019,28.9176741140899],[-89.7433175952297,28.9187961445259],[-89.7451029869754,28.9170008904735],[-89.7491838814959,28.9145323657076],[-89.7524996090237,28.9113905205923],[-89.7547951126967,28.9134102891463],[-89.7576007282971,28.9107172554068],[-89.7614265677523,28.9091462865781],[-89.7588760081155,28.9046576713425],[-89.7588760081155,28.9021888497278],[-89.7619366787813,28.9035354871948],[-89.7667827420911,28.9024132901259],[-89.763722070527,28.9003933051373],[-89.7655074622727,28.8963532164323],[-89.7688231898005,28.901739966689],[-89.7744344210013,28.9001688603709],[-89.774689476965,28.896577670236],[-89.7670377980548,28.8976999304017],[-89.7667827420911,28.8941086540625],[-89.7708636375099,28.8907417183357],[-89.7619366787813,28.890292785008],[-89.7713737494372,28.8844564766935],[-89.7611715117886,28.8871501989389],[-89.742297371375,28.8916395783816],[-89.7486737695686,28.8853543918719],[-89.7652524063091,28.8822116547841],[-89.7708636375099,28.8786198364548],[-89.7598962319702,28.8817626837935],[-89.7412771475203,28.8817626837935],[-89.7369411961379,28.8804157615376],[-89.740767035593,28.8792933121961],[-89.7359209722832,28.8759258914017],[-89.7295445740896,28.8727828659068],[-89.7234232309614,28.8716603333107],[-89.7188322245136,28.8714358248643],[-89.7152614410222,28.8732318749204],[-89.7111805456034,28.8739053855894],[-89.7037839235552,28.8736808827804],[-89.7063344831919,28.8712113167195],[-89.7124558254218,28.8705377885882],[-89.7129659373491,28.8680681470429],[-89.7167917768042,28.8680681470429],[-89.721637840114,28.8689662054474],[-89.7269940144529,28.8687416911805],[-89.7303097419806,28.8667210448856],[-89.7379614199926,28.8649248807288],[-89.7491838814959,28.8624551050207],[-89.7609164558249,28.8611977416899],[-89.7685681338368,28.8573806510777],[-89.7688231898005,28.8537879665899],[-89.7655074622727,28.8535634195405],[-89.7624467907087,28.8537879665899],[-89.7593861200429,28.8515424750631],[-89.7596411760065,28.8470513449842],[-89.75224455306,28.8452548378675],[-89.7468883787212,28.8468267833897],[-89.7570906163698,28.8470513449842],[-89.7570906163698,28.8504197107243],[-89.7502041053506,28.8531143239869],[-89.7433175952297,28.8537879665899],[-89.740767035593,28.8551352379178],[-89.7310749098717,28.8580542660422],[-89.7229131190341,28.8594014813047],[-89.7264839025255,28.8555843247437],[-89.7346456933631,28.8535634195405],[-89.7405119796293,28.8495214905263],[-89.742297371375,28.8439074369723],[-89.7476535466122,28.840089705415],[-89.7499490493869,28.8378439150218],[-89.75224455306,28.8360472473366],[-89.7558153365514,28.8367210012554],[-89.7558153365514,28.8349243141828],[-89.7586209521519,28.8338013689122],[-89.7609164558249,28.8358226619899],[-89.7639771264907,28.8391913952317],[-89.7655074622727,28.8430091597513],[-89.7649973503454,28.8463776579596],[-89.7665276861274,28.8477250268589],[-89.7683130778732,28.843233729587],[-89.7675479099821,28.8405388579918],[-89.7642321824544,28.8378439150218],[-89.7616816228176,28.8320046306476],[-89.7545400567331,28.8275126485031],[-89.7542850007694,28.8236943099772],[-89.75224455306,28.8189773428376],[-89.7448479310118,28.8120138065086],[-89.7389816438473,28.8084195391128],[-89.7343906373994,28.8052744524358],[-89.7313299658354,28.8061730584291],[-89.7336254695084,28.8106659705707],[-89.7226580630704,28.8037018731032],[-89.7119158247483,28.7957583142045],[-89.699487825032,28.7884359904203],[-89.6961790720241,28.7849523722084],[-89.6931124221718,28.7822507093657],[-89.6895615660083,28.7790512809481],[-89.685122994681,28.7762783633949],[-89.6793932020323,28.773718680076],[-89.6751160337071,28.7720832941415],[-89.6727756960165,28.7720121893786],[-89.6711367620015,28.7717958038903],[-89.667821035372,28.7675259337986],[-89.6696064271178,28.7659527795999],[-89.6749626014566,28.7666269915584],[-89.6838895592869,28.7688743330341],[-89.6953670776522,28.7747171921634],[-89.7042940354825,28.7812338377269],[-89.7101603217487,28.7864019193198],[-89.708629986865,28.7767396435156],[-89.7109254896397,28.7769643578249],[-89.7134760492765,28.7832561611609],[-89.7249535667435,28.7942658940297],[-89.7440827631207,28.8034772172004],[-89.7535198328784,28.8061730584291],[-89.7496939934233,28.8021292700381],[-89.7387265878836,28.7926931470121],[-89.7313379365869,28.7859121562598],[-89.7219765858245,28.7803192146582],[-89.714121659488,28.7764324163038],[-89.7065895391556,28.7740623449267],[-89.6989498159235,28.7696064643832],[-89.6887276518452,28.7673310465306],[-89.6805499213012,28.7656244505828],[-89.6738786133864,28.7641074529797],[-89.6693593410073,28.7633489451225],[-89.6650552717326,28.7633489451225],[-89.6596751860375,28.7624956180805],[-89.6562319309771,28.7616422832749],[-89.6528962770197,28.7609785742158],[-89.6489150128507,28.7600304103093],[-89.6456869608947,28.7582288750826],[-89.6486998097463,28.7583236942058],[-89.6531114801241,28.7585133306188],[-89.6524658699125,28.7571858669192],[-89.6506366403809,28.7553842826072],[-89.6521430648068,28.7549101759327],[-89.6583839647161,28.7549101759327],[-89.6621500257806,28.7557635657667],[-89.6655932808411,28.7557635657667],[-89.6698973501158,28.756142848336],[-89.6726949949647,28.7578496008788],[-89.6767838602367,28.7587977845924],[-89.6801195141941,28.7592718736136],[-89.6854996007875,28.7612630214721],[-89.6889428558479,28.762400803534],[-89.6944305435443,28.7634437588077],[-89.6990574179248,28.7643918917098],[-89.7026082749866,28.7656244505828],[-89.7069123442613,28.76752066658],[-89.7083749309013,28.7690041391958],[-89.7175569446953,28.7734986697886],[-89.7226580630704,28.7734986697886],[-89.7155164969859,28.7702026993016],[-89.7100753033936,28.7684048531931],[-89.6988528418902,28.7636104436434],[-89.6889906785604,28.7618124831837],[-89.6791285152305,28.7579167934544],[-89.6638251583084,28.7540209575675],[-89.6464813545752,28.7516234464556],[-89.6196154609326,28.7438311526512],[-89.5971705379259,28.7408339602078],[-89.5733653167457,28.7399347857861],[-89.5628230038799,28.7399347857861],[-89.5607825561705,28.7474276689717],[-89.5669038992987,28.7531218974496],[-89.5720050176739,28.7534215847531],[-89.5679241231534,28.7507243656959],[-89.5716649433551,28.7513237539916],[-89.5774462112661,28.7516234464556],[-89.5825473305396,28.7501249739601],[-89.5890087479866,28.7501249739601],[-89.5998911351712,28.7501249739601],[-89.6046521792275,28.7498252771959],[-89.6100933728198,28.7486264799639],[-89.6141742673403,28.7528222084984],[-89.6267570279154,28.7552196920873],[-89.6383195637376,28.761512819965],[-89.6505622490956,28.7666069761111],[-89.6628049344537,28.7720005144353],[-89.6706266500741,28.7728994103861],[-89.6757277693476,28.7731990401239],[-89.6903509767339,28.7800902944662],[-89.6985127675714,28.7878798533273],[-89.6920513501245,28.7854831286812],[-89.6801487390852,28.7815883320724],[-89.6706266500741,28.7776933884431],[-89.6629749720622,28.7775061277298],[-89.6739423776019,28.7837978983867],[-89.6826142803668,28.7914373892093],[-89.688480566633,28.7990763155644],[-89.689245734524,28.8031202232102],[-89.6828693363305,28.7972789718609],[-89.6795536088027,28.7948075732691],[-89.6734322656746,28.7923361160838],[-89.66629069959,28.7887411628896],[-89.6588940766434,28.7846966911086],[-89.6545581261593,28.7824496943865],[-89.6502221747768,28.7793038154409],[-89.6435907206196,28.7752589745258],[-89.6412952169465,28.7739106585821],[-89.6356839857457,28.7725623252136],[-89.6295626435158,28.7700903353194],[-89.6229311884603,28.7673935508503],[-89.61400423063,28.767168815928],[-89.6068626636472,28.7673935508503],[-89.602526713163,28.7698656062046],[-89.600996377381,28.7730117713434],[-89.5997210975626,28.7775061277298],[-89.5981907617806,28.7831237981715],[-89.600996377381,28.7871683317426],[-89.6035469370177,28.7878424050267],[-89.6086480553929,28.791662071851],[-89.6094132232839,28.7959309437439],[-89.6058424397925,28.7939088684877],[-89.5999761535263,28.7918867540086],[-89.5999761535263,28.794133545803],[-89.5941098663618,28.7914373892093],[-89.5992109856353,28.7984023149141],[-89.5984458177442,28.7999749750061],[-89.5920694195507,28.7977283106925],[-89.5859480764225,28.7959309437439],[-89.570134607573,28.7905386553747],[-89.5563615864329,28.7930101559586],[-89.546414404748,28.7963802883866],[-89.5310913675346,28.7990969490362],[-89.5145324110853,28.8037941925618],[-89.5045852294003,28.8073886210996],[-89.4969335513884,28.810084360341],[-89.4910672642239,28.8127800290408],[-89.4872414256671,28.8165987725031],[-89.482650418321,28.8177219049123],[-89.4821403063936,28.815475627195],[-89.4780594109749,28.815475627195],[-89.4775492990475,28.8183957790163],[-89.4767841311565,28.8219896982314],[-89.4785695229022,28.8269311331402],[-89.4760189632655,28.8291771613832],[-89.4706627889266,28.831647736006],[-89.4724481806723,28.8359149529768],[-89.4665818935078,28.8377116229462],[-89.4604605512779,28.8388345252358],[-89.4551043760408,28.8364090396615],[-89.4505133686947,28.8395531766251],[-89.4461774182105,28.8375319567943],[-89.4474526980289,28.8352861111984],[-89.450258312731,28.8316926549159],[-89.4525538164041,28.8249545876347],[-89.4471976420652,28.8218100057281],[-89.4438819145375,28.8184407036441],[-89.4487279769489,28.8177668306179],[-89.4581650476049,28.8177668306179],[-89.4545942641135,28.8139481299819],[-89.451023480622,28.8094553609669],[-89.461735830198,28.7966498943999],[-89.4698976210356,28.7865391924836],[-89.470407732963,28.7757533520688],[-89.470407732963,28.7676632325908],[-89.4676021173625,28.7615952268452],[-89.461225719169,28.7667642915332],[-89.4594403274233,28.7827193364234],[-89.4584201035686,28.7962005509194],[-89.44949314484,28.8083321378471],[-89.4433718026101,28.810803212568],[-89.4390358512276,28.8186653272795],[-89.4390358512276,28.8287728799387],[-89.4354650686345,28.8287728799387],[-89.4318942851431,28.8258530222765],[-89.4334246209251,28.8173175789866],[-89.4316392291794,28.8072089026176],[-89.4318942851431,28.8027158398219],[-89.4382706833366,28.7831687387938],[-89.4392909071913,28.7775510707726],[-89.4367403475546,28.7762027844521],[-89.4321493411068,28.7748544814935],[-89.4311291172521,28.7667642915332],[-89.4262830539422,28.7627189589866],[-89.4222021594218,28.7672137626361],[-89.4211819355671,28.7749668403453],[-89.4237324943055,28.7839551878888],[-89.4257729420149,28.7958635418411],[-89.4311291172521,28.8106908923329],[-89.428833613579,28.8142850797876],[-89.4232223823782,28.8070965785074],[-89.417356096112,28.7902465647774],[-89.4135302566568,28.7839551878888],[-89.4097044172017,28.7846292819428],[-89.406643746536,28.7868762317038],[-89.406643746536,28.7938414652774],[-89.3995021795531,28.7947401706399],[-89.3928707253959,28.7920440305222],[-89.3895549978681,28.7947401706399],[-89.3863242895938,28.7982225809336],[-89.3836036923485,28.7931299843761],[-89.3734014546998,28.7928304126805],[-89.3669400372529,28.7937291267591],[-89.3645595152247,28.7976234651646],[-89.3597984711683,28.7985221379204],[-89.3485760087666,28.7931299843761],[-89.3427947408556,28.7859400087829],[-89.335653174771,28.7793487577091],[-89.3278314591505,28.7748544814935],[-89.3220501912395,28.7754537296667],[-89.3128681765472,28.7730567163223],[-89.3057266104626,28.7709592840778],[-89.3008144212664,28.7633515729311],[-89.2990006903684,28.7500325676152],[-89.2996052673344,28.7372447076507],[-89.2971869594705,28.7303172906787],[-89.2911411889122,28.7228564761018],[-89.2796542247616,28.7159280945356],[-89.2736084542034,28.709532254349],[-89.2627260670188,28.6994046997598],[-89.2590986043245,28.6914085616077],[-89.2536574116305,28.6807460853121],[-89.2693764145431,28.6892761539955],[-89.2651443748828,28.6850112076907],[-89.2560757194945,28.6727485079785],[-89.2566802964605,28.6636838409013],[-89.2615169130868,28.6487520753835],[-89.2627260670188,28.635951708759],[-89.2663535297131,28.6252835319033],[-89.2711901454411,28.6146142589729],[-89.2820725326256,28.5996754373723],[-89.2887228801499,28.6012761277078],[-89.3062556148587,28.6156812355228],[-89.312905962383,28.6279506783667],[-89.3159288481113,28.6386185817552],[-89.3153242711453,28.6514186198189],[-89.311092231485,28.6610176115544],[-89.3225791956355,28.6647503138073],[-89.3413210842763,28.6599511006683],[-89.3618767047135,28.6599511006683],[-89.374572822796,28.6546183819045],[-89.3836414781843,28.6450187980082],[-89.3902918266069,28.6348849405815],[-89.3908964035729,28.6290175178193],[-89.4011742128931,28.6220828648046],[-89.4181023706359,28.6156812355228],[-89.4320076435488,28.6119467697797],[-89.4501449552236,28.6034103440857],[-89.4700959977964,28.6028767936607],[-89.4894424634032,28.6044774352303],[-89.480373808015,28.6130137734289],[-89.4670731120681,28.6183486290772],[-89.4543769939856,28.6215494108015],[-89.443494606801,28.6231497646796],[-89.4362396823108,28.626350398463],[-89.4271710269225,28.6311511649823],[-89.4181023706359,28.639685311974],[-89.4217298333302,28.6434187807492],[-89.4338213744468,28.639685311974],[-89.4604227645438,28.6380852125787],[-89.4876287325052,28.6444854613708],[-89.507579775078,28.651951920412],[-89.5245079328209,28.6615508633224],[-89.5365994739374,28.6562182267246],[-89.5438543984277,28.6690160937564],[-89.545063553258,28.6562182267246],[-89.5529230547143,28.6551516662236],[-89.5668283267288,28.6540850956613],[-89.5783152908793,28.6578180463441],[-89.5994754882825,28.6599511006683],[-89.6147788452046,28.6627340048379],[-89.6331428727925,28.6741314662949],[-89.6450454838318,28.6918250427319],[-89.6555877957992,28.7020199691896],[-89.6668102582009,28.708915968063],[-89.6763323463136,28.7122138922638],[-89.6882349573529,28.7182098483971],[-89.6749720481401,28.7044186292838],[-89.6702110040838,28.7008206181295],[-89.6712312279385,28.6963229282513],[-89.6698709288667,28.691225310113],[-89.6654499591291,28.681929007729],[-89.6572881691898,28.6660333988888],[-89.6674904068385,28.672631872219],[-89.6797330921965,28.6777304041846],[-89.6861945096435,28.6864273223306],[-89.6963967472921,28.6978221799496],[-89.7028581647391,28.7002209370509],[-89.7072791344767,28.6969226308773],[-89.7106798803596,28.6915251764579],[-89.7120401785331,28.6858275587926],[-89.709999731722,28.6834284679243],[-89.7052386867673,28.6876268398889],[-89.7021780161015,28.6888263437056],[-89.6946963747999,28.6885264696307],[-89.6957165986545,28.6843281329482],[-89.699797493175,28.6804295260653],[-89.6991173445374,28.6753311262588],[-89.6977570463639,28.6687328244923],[-89.6980971206827,28.6615341990733],[-89.6977570463639,28.6567348378944],[-89.7038783885938,28.6555349626772],[-89.7089795078673,28.6660333988888],[-89.7103398060408,28.6783302156707],[-89.7178214473424,28.678930022934],[-89.7273435354552,28.6798297273889],[-89.7365255501475,28.6834284679243],[-89.7416266685227,28.6876268398889],[-89.7545495034166,28.693624219974],[-89.7572700997636,28.7050182855189],[-89.7545495034166,28.7095155985216],[-89.7518289061713,28.7098154124621],[-89.7480880859696,28.7116142772722],[-89.7504686079978,28.7158115076663],[-89.7467277877961,28.7176102685677],[-89.7467277877961,28.721207695977],[-89.7426468923773,28.7233061385381],[-89.7423068180586,28.7257043057985],[-89.7443472657679,28.7313997300956],[-89.7419667428414,28.7331982196679],[-89.7372056987851,28.7331982196679],[-89.7351652510757,28.733497964921],[-89.7321045804099,28.7346969373363],[-89.7273435354552,28.7394926886477],[-89.7246229391082,28.7394926886477],[-89.71850159598,28.7402420046363],[-89.7229225657176,28.7441383600436],[-89.7256431629629,28.7444380739133],[-89.7321045804099,28.7426397793712],[-89.7372056987851,28.7420403404529],[-89.737885848321,28.7453372087879],[-89.734145027221,28.7474351613764],[-89.7368656244663,28.7486339722826],[-89.737885848321,28.7534290767278],[-89.7368656244663,28.7558265455954],[-89.7429869666961,28.7558265455954],[-89.746387712579,28.7549275018116],[-89.7504686079978,28.7516309385593],[-89.7531892052431,28.7516309385593],[-89.7596506217917,28.7507318578642],[-89.768832636484,28.7510315528143],[-89.7729135310045,28.7546278180425],[-89.7756341282498,28.7591229748124],[-89.7797150236686,28.7600219824691],[-89.7865165154343,28.7600219824691],[-89.7929779328813,28.7633182776388],[-89.7973989026189,28.7684123440926],[-89.8062408420941,28.7714087371125],[-89.8079412145864,28.7777008786756],[-89.8113419604692,28.7857902119262],[-89.8130423338598,28.7806970025804],[-89.8184835274521,28.7851910239219],[-89.8239247210444,28.7896848500325],[-89.8256250935367,28.7947776172501],[-89.8297059889555,28.7968745650202],[-89.831066287129,28.7929801986359],[-89.833786883476,28.7914823262487],[-89.8351471825477,28.7956763145419],[-89.8429688981682,28.8091558361956],[-89.8456894945152,28.8118515289224],[-89.849770389934,28.8133491054139],[-89.8531711358169,28.8166436979061],[-89.8591413338052,28.8258447036403],[-89.8639779504315,28.8343628041085],[-89.8688145670578,28.8412832430032],[-89.8736511836841,28.8476709269471],[-89.8772786463784,28.8588484209186],[-89.8815106851403,28.8710890451102],[-89.8851381478346,28.875346311976],[-89.8899747644609,28.8811997669249],[-89.8905793414269,28.8891812130857],[-89.8923930723249,28.8939697830322],[-89.8966251119852,28.9056742377302],[-89.9008571507472,28.9099300726589],[-89.9002525737812,28.9221646146053],[-89.9026708825435,28.9285472748952],[-89.9075074991697,28.9280154021348],[-89.9093212300677,28.9354613763832],[-89.9105303839997,28.9386523427742],[-89.9195990402863,28.9435449653386],[-89.916576154558,28.9451403347803],[-89.9117395379317,28.9493945334429],[-89.9050891904074,28.9504580552196],[-89.8984388428832,28.955775499509],[-89.8887656096306,28.9674729065355],[-89.8911839183929,28.9674729065355],[-89.8978342659172,28.9637511488794],[-89.8978342659172,28.9711945287976],[-89.8978342659172,28.9759792729188],[-89.8972296889512,28.9786373670968],[-89.9014617286115,28.9791689775801],[-89.9020663055775,28.9850165125945],[-89.8978342659172,28.9956475388143],[-89.8942068032229,29.0025571135342],[-89.8978342659172,29.0041515639757],[-89.8984388428832,29.0062774601562],[-89.8984388428832,29.0099976720579],[-89.9014617286115,29.0121234463945],[-89.9044846134414,29.014780602021],[-89.9044846134414,29.0179690979268],[-89.8948113801889,29.0206261024003],[-89.8875564556986,29.0291280505943],[-89.8899747644609,29.0317847648079],[-89.8954159580532,29.0275339895636],[-89.9008571507472,29.0291280505943],[-89.9087166531017,29.0248771651781],[-89.9093212300677,29.0328474308783],[-89.9020663055775,29.0370979857602],[-89.8954159580532,29.0434734851444],[-89.8881610326646,29.0471923437558],[-89.8863473017666,29.0525047627817],[-89.8845335708686,29.0567544992781],[-89.8803015312084,29.0578169058432],[-89.8736511836841,29.0567544992781],[-89.8803015312084,29.0615352410523],[-89.8730466067181,29.0641911122266],[-89.8688145670578,29.0695026469577],[-89.8736511836841,29.0716271832714],[-89.8772786463784,29.0732205559809],[-89.8730466067181,29.0753450156513],[-89.8645825273975,29.0732205559809],[-89.8621642195335,29.0753450156513],[-89.8579321798732,29.0700337851419],[-89.8543047180773,29.0716271832714],[-89.8470497926887,29.0769383308762],[-89.851886409315,29.0801248866268],[-89.8567230259412,29.0774694299527],[-89.8633733734655,29.0806559692775],[-89.8627687964995,29.0928701137807],[-89.8591413338052,29.0987111431788],[-89.8615596425675,29.1135777086853],[-89.8561184489753,29.1162322247844],[-89.850072678417,29.128442104312],[-89.8391902912324,29.1364042812631],[-89.8289124810139,29.1443658344243],[-89.8289124810139,29.1517960548414],[-89.8307262128102,29.1581643832045],[-89.8270987501159,29.1597564035959],[-89.8216575565236,29.1555109615632],[-89.8174255168633,29.1597564035959],[-89.8144026320333,29.1624097139749],[-89.811379746305,29.1544495740253],[-89.8137980550673,29.1448965824429],[-89.8125889011354,29.1406505199657],[-89.8174255168633,29.1390582011089],[-89.8216575565236,29.1427735731354],[-89.8246804422519,29.1353426931958],[-89.8270987501159,29.1295037644241],[-89.8295170579799,29.1305654127892],[-89.8337490976402,29.1257879072494],[-89.8301216358442,29.1188866708181],[-89.8240758652859,29.1130467974033],[-89.8216575565236,29.1135777086853],[-89.8174255168633,29.1125158833816],[-89.8137980550673,29.1077375315535],[-89.809566015407,29.1130467974033],[-89.8017065139508,29.1061446975169],[-89.8004973600188,29.09924212999],[-89.7944515894605,29.1045518388271],[-89.7884058189022,29.1013660467066],[-89.7878012410379,29.0934011299321],[-89.7890103958682,29.0864976993083],[-89.7914287037322,29.0827802732879],[-89.7962653203585,29.0790627123271],[-89.8017065139508,29.0801248866268],[-89.8071477075431,29.0795938004532],[-89.8144026320333,29.0758761229403],[-89.8174255168633,29.0710960532987],[-89.8210529795576,29.0647222777802],[-89.8192392486596,29.0610040582934],[-89.8137980550673,29.0625975975751],[-89.809566015407,29.0668469141964],[-89.8023110909168,29.0689715052514],[-89.7974744742905,29.065784601462],[-89.8029156678828,29.0625975975751],[-89.8041248218148,29.0562232918911],[-89.8119843241693,29.0562232918911],[-89.8222621334896,29.0578169058432],[-89.8331445206742,29.0586137027987],[-89.8379811373004,29.0548952614521],[-89.8434223308927,29.0511766836748],[-89.848863524485,29.046395456991],[-89.8573276029072,29.045332931206],[-89.8615596425675,29.0442703952638],[-89.8657916822278,29.0405514305474],[-89.8700237209898,29.0347070699812],[-89.8724420297521,29.030987757487],[-89.8748603376161,29.0230173466475],[-89.8748603376161,29.0161091542046],[-89.8784878003104,29.0081375824567],[-89.8712328758201,29.0113262857511],[-89.8742557606501,29.0028228564589],[-89.8682099900918,29.0086690404943],[-89.8712328758201,28.9991023839075],[-89.8633733734655,29.0076061224713],[-89.8579321798732,29.0150463135105],[-89.852490986281,29.0235487265641],[-89.850677255383,29.0267369494261],[-89.8410040221304,29.0262055859162],[-89.8319353667422,29.030987757487],[-89.8301216358442,29.0293937251708],[-89.8349582515721,29.0219545778258],[-89.8434223308927,29.0192976083149],[-89.8470497926887,29.0145148898481],[-89.848258947519,29.0081375824567],[-89.8464452157227,29.0033543418298],[-89.8422131769607,29.0028228564589],[-89.8277033270819,29.0081375824567],[-89.8125889011354,29.0086690404943],[-89.7938470115962,29.0092004950128],[-89.7751051229554,29.0155777352245],[-89.7575723882466,29.0150463135105],[-89.7509220407223,29.0145148898481],[-89.744271693198,29.0118577266016],[-89.7376213456738,29.0065431943002],[-89.7303664211835,29.0006968892155],[-89.7212977648969,28.9937871885781],[-89.7152519943387,28.9911294876525],[-89.7061833389504,28.9868770221993],[-89.7013467223241,28.9863454513295],[-89.6946963747999,28.9810295931521],[-89.6832094106493,28.9735869285139],[-89.6632583671782,28.969333734788],[-89.6541897117899,28.9688020729869],[-89.6427027476394,28.9682704084546],[-89.6336340913528,28.9703970494106],[-89.6269837438285,28.9703970494106],[-89.6263791668625,28.9666753984714],[-89.6209379732703,28.9586999767413],[-89.61368304878,28.9576365403889],[-89.6040098164257,28.9528509396829],[-89.5979640449691,28.952319192445],[-89.5870816586829,28.954977900546],[-89.5810358881246,28.9597634021715],[-89.5737809627361,28.9677387411913],[-89.5749901175664,28.9762450849382],[-89.5665260382458,28.9703970494106],[-89.5628985764498,28.9703970494106],[-89.5598756907215,28.9746501994353],[-89.5598756907215,28.9677387411913],[-89.5677351921778,28.9576365403889],[-89.5749901175664,28.9491286508994],[-89.5810358881246,28.9438108614275],[-89.5913136974449,28.9390246156291],[-89.5985686228335,28.9406200554608],[-89.6064281242897,28.9438108614275],[-89.611869317882,28.9432790677811],[-89.6215425502362,28.941683668892],[-89.6281928986588,28.9443426531304],[-89.6318203604548,28.9438108614275],[-89.6408890167414,28.9438108614275],[-89.6674904068385,28.9454062275609],[-89.6928826430036,28.9459380102884],[-89.7086016468144,28.9438108614275],[-89.7152519943387,28.9470015683402],[-89.7134382634407,28.9581682595373],[-89.7104153777124,28.9618902194784],[-89.7013467223241,28.9608268166793],[-89.7025558762561,28.9677387411913],[-89.7049741850184,28.9719920012532],[-89.7116245325427,28.9762450849382],[-89.717065726135,28.9778399458568],[-89.7243206506252,28.9773083285442],[-89.7273435354552,28.9831559695215],[-89.7279481124212,28.9921925759061],[-89.7339938829795,28.9975078547888],[-89.7400396535377,28.9943187204084],[-89.746085424096,28.9953817766566],[-89.7515266176883,28.9948502502917],[-89.7611998509409,28.9953817766566],[-89.7672456214991,28.9964448211883],[-89.7738959690234,28.9916610331456],[-89.7817554704797,28.9932556540153],[-89.7763142777857,28.9991023839075],[-89.7708730841934,29.0012283847332],[-89.7618044279069,29.0033543418298],[-89.7527357725186,29.0070746597524],[-89.7630135818388,29.0076061224713],[-89.7690593523971,29.0070746597524],[-89.784778356208,29.0049487799719],[-89.7914287037322,29.0006968892155],[-89.8029156678828,28.9996338884098],[-89.8119843241693,29.0001653901792],[-89.8240758652859,28.9948502502917],[-89.8325399437082,28.9900663876834],[-89.8391902912324,28.985282302179],[-89.8422131769607,28.98049799223],[-89.848258947519,28.9751818311917],[-89.851886409315,28.9719920012532],[-89.8573276029072,28.9677387411913],[-89.8585367568392,28.9634853039825],[-89.8555138720093,28.9586999767413],[-89.8555138720093,28.9496604145178],[-89.8555138720093,28.9427472706189],[-89.8651871043635,28.9321107549877],[-89.8730466067181,28.9241326442307],[-89.8784878003104,28.9283877139826],[-89.8736511836841,28.9342381463925],[-89.8815106851403,28.9374291504468],[-89.8881610326646,28.9353018253273],[-89.8875564556986,28.9273239625234],[-89.8851381478346,28.9198773982825],[-89.8851381478346,28.9140261468604],[-89.8863473017666,28.9081745622174],[-89.8845335708686,28.9033866538571],[-89.8833244169366,28.8970024287419],[-89.8833244169366,28.8895536650994],[-89.8796969542424,28.8821043615685],[-89.8790923772764,28.8735902111789],[-89.8730466067181,28.8661397510351],[-89.8676054131258,28.860817662845],[-89.8670008361598,28.8544307942078],[-89.8645825273975,28.8432528206957],[-89.8567230259412,28.8384618890823],[-89.850072678417,28.8384618890823],[-89.8422131769607,28.8336707345127],[-89.8391902912324,28.8358001644757],[-89.8307262128102,28.8272821824257],[-89.8252850192179,28.8214256612516],[-89.8186346716936,28.812374019201],[-89.8131934781014,28.8091791321078],[-89.8125889011354,28.8166337146598],[-89.8228667104556,28.8246201687574],[-89.8331445206742,28.8384618890823],[-89.8379811373004,28.8453820522084],[-89.8452360617907,28.8501726619955],[-89.850677255383,28.8517694821051],[-89.851281832349,28.8592209832542],[-89.8537001411113,28.8650753551965],[-89.8591413338052,28.8672041351868],[-89.8609550656015,28.8741223660699]]]},"properties":{"objectid":199,"id":0,"area":1379.72694134,"Shape__Area":1386868374.9160156,"Shape__Length":728228.30567325687}},{"type":"Feature","id":200,"geometry":{"type":"Polygon","coordinates":[[[-89.5146402592251,28.8145977326304],[-89.5033540335062,28.8207331672156],[-89.4953197710996,28.8323565339828],[-89.4878593848359,28.8453259886565],[-89.4840335453808,28.846841792471],[-89.4768600971885,28.8493772928796],[-89.4704039932764,28.8560558728712],[-89.4630601759972,28.8643679688725],[-89.4572455868773,28.872620722412],[-89.4508975269377,28.8730198429531],[-89.4496009929797,28.8678218034245],[-89.454383292074,28.8646223994135],[-89.4593568829165,28.8604125051824],[-89.4585917150255,28.8568760614889],[-89.4629914297252,28.8487923046638],[-89.4662433930374,28.8449186130632],[-89.4723647361656,28.8390235847817],[-89.4784860792938,28.8351495262938],[-89.4836509618844,28.8309384263963],[-89.4792512462865,28.8279063285942],[-89.479442538933,28.8257164249931],[-89.4836509618844,28.8289170376749],[-89.4867116334485,28.8243687687485],[-89.4905374720053,28.822515712339],[-89.4972326912764,28.8194833660772],[-89.5045017857919,28.8132499309135],[-89.5134925078377,28.8081955175819],[-89.5213354775978,28.8043202993492],[-89.529752324399,28.8007819296849],[-89.5333868712076,28.7997709444072],[-89.5303261996436,28.8039833165262],[-89.5146402592251,28.8145977326304]]]},"properties":{"objectid":200,"id":0,"area":12.639222550000001,"Shape__Area":12704587.533203125,"Shape__Length":28877.525906591567}},{"type":"Feature","id":201,"geometry":{"type":"Polygon","coordinates":[[[-89.3240874894555,28.5848916531006],[-89.3217069674273,28.5779874114007],[-89.3356500261759,28.5950970843185],[-89.3393908463776,28.6032006843588],[-89.3383706225229,28.61100355418],[-89.3359901004947,28.6149047693843],[-89.3298687573665,28.6272076439512],[-89.3332695032494,28.6308082092319],[-89.3380305482041,28.6308082092319],[-89.3427915922605,28.6308082092319],[-89.3485728601716,28.6275076958411],[-89.353673979445,28.6221066290238],[-89.3553743519373,28.6155049434165],[-89.3540140537638,28.61100355418],[-89.3516335317356,28.608602733795],[-89.3451721142887,28.6050013983663],[-89.3431316665793,28.6044011643186],[-89.3393908463776,28.5995991621864],[-89.344151890434,28.5992990297669],[-89.344151890434,28.5971980780422],[-89.3400709959135,28.5914952820721],[-89.3404110702323,28.5863925146811],[-89.3468724876793,28.586692684742],[-89.3533339051262,28.5920955906225],[-89.3495930840263,28.594496792909],[-89.3492530097075,28.5983986273658],[-89.3614956950655,28.608602733795],[-89.3713578583954,28.6185057613403],[-89.3771391263064,28.625707370848],[-89.3740784547423,28.6329084816099],[-89.366596814339,28.6389090257417],[-89.3597953216749,28.6428091929631],[-89.3543541280826,28.6434092058806],[-89.3421114427246,28.644009215366],[-89.3363301748135,28.6434092058806],[-89.3278283096571,28.6359087965688],[-89.3237474151367,28.629908079294],[-89.3251077133102,28.6230068258607],[-89.3302088325836,28.6107034551256],[-89.3346298023212,28.6041010456145],[-89.3325893546118,28.5980984915177],[-89.3288485335118,28.5929960478092],[-89.3240874894555,28.5848916531006]]]},"properties":{"objectid":201,"id":0,"area":19.85052192,"Shape__Area":19953608.412109375,"Shape__Length":38730.308468156247}},{"type":"Feature","id":202,"geometry":{"type":"Polygon","coordinates":[[[-89.2805579416155,28.5953972287376],[-89.2791976434421,28.5893941727839],[-89.2863392095266,28.5926958965335],[-89.2805579416155,28.5953972287376]]]},"properties":{"objectid":202,"id":0,"area":0.26943167,"Shape__Area":270831.5859375,"Shape__Length":2403.4762267071578}},{"type":"Feature","id":203,"geometry":{"type":"Polygon","coordinates":[[[-89.3166058481538,28.5926958965335],[-89.3121848784162,28.5872930215042],[-89.3121848784162,28.5845914778984],[-89.3196665197179,28.5905948120302],[-89.3166058481538,28.5926958965335]]]},"properties":{"objectid":203,"id":0,"area":0.32317469,"Shape__Area":324854.041015625,"Shape__Length":2746.6162257211349}},{"type":"Feature","id":204,"geometry":{"type":"Polygon","coordinates":[[[-89.3206867435726,28.5854920001458],[-89.3084440582145,28.5815896819034],[-89.3087841325333,28.5770868248922],[-89.3179661472256,28.5809893117913],[-89.3206867435726,28.5854920001458]]]},"properties":{"objectid":204,"id":0,"area":0.61195386,"Shape__Area":615134.2109375,"Shape__Length":3803.6463479181357}},{"type":"Feature","id":205,"geometry":{"type":"Polygon","coordinates":[[[-89.4496883730057,28.5470794832048],[-89.4593616062583,28.5390716165417],[-89.4605707601903,28.5278595711248],[-89.4605707601903,28.5171803111384],[-89.452711258734,28.5006252999214],[-89.451502104802,28.4920797503567],[-89.455129566598,28.4824651721283],[-89.4678256846805,28.4952844136127],[-89.4805218027631,28.5032956405283],[-89.4944270756759,28.5086361174169],[-89.5089369246565,28.5097041798793],[-89.519819311841,28.5171803111384],[-89.5101460785885,28.5219861133415],[-89.5010774232002,28.5262577519593],[-89.5065186167925,28.5305292151131],[-89.520423888807,28.5267916941227],[-89.5307016990256,28.5342666019857],[-89.5361428926178,28.5417409741221],[-89.5319108529576,28.5518839078172],[-89.5276788132973,28.5625596136248],[-89.520423888807,28.5700319564587],[-89.5041003080302,28.5705656751544],[-89.4950316526419,28.5705656751544],[-89.4895904590497,28.5636271241073],[-89.5065186167925,28.5588232408836],[-89.5113552334188,28.5540191360582],[-89.5053094628605,28.5540191360582],[-89.4841492654574,28.5556205292173],[-89.4744760322048,28.5588232408836],[-89.4581524523263,28.5513500935969],[-89.4496883730057,28.5470794832048]]]},"properties":{"objectid":205,"id":0,"area":54.690878940000005,"Shape__Area":54975366.6640625,"Shape__Length":43128.278247680995}},{"type":"Feature","id":206,"geometry":{"type":"Polygon","coordinates":[[[-88.8473532893453,28.7742845075476],[-88.8442926177812,28.7685914451718],[-88.8483735132,28.7667935713043],[-88.8551750049658,28.7676925121097],[-88.8521143334017,28.771587833049],[-88.8473532893453,28.7742845075476]]]},"properties":{"objectid":206,"id":0,"area":0.63918365,"Shape__Area":642493.544921875,"Shape__Length":3305.0801046442457}},{"type":"Feature","id":207,"geometry":{"type":"Polygon","coordinates":[[[-88.8657173169332,28.7619990869485],[-88.8636768692238,28.759601761397],[-88.8680978389614,28.7569047035582],[-88.8728588839161,28.7527091406318],[-88.8772798536537,28.7539078902112],[-88.8810206738554,28.7530088291198],[-88.8898626133305,28.7554063076363],[-88.8888423894758,28.7593020918321],[-88.8878221656211,28.7652953188968],[-88.885441643593,28.7658946227558],[-88.882721047246,28.7640967008551],[-88.882721047246,28.7608004310546],[-88.8786401518272,28.7613997607221],[-88.8735390325537,28.7587027501216],[-88.8711585105255,28.76349738746],[-88.8657173169332,28.7619990869485]]]},"properties":{"objectid":207,"id":0,"area":2.64702289,"Shape__Area":2660733.078125,"Shape__Length":8481.36311368286}},{"type":"Feature","id":208,"geometry":{"type":"Polygon","coordinates":[[[-88.8834011958836,28.7766814926833],[-88.8796603756819,28.772786363478],[-88.8830611215648,28.7694903712779],[-88.8830611215648,28.7721870999844],[-88.8834011958836,28.7733856235298],[-88.8834011958836,28.7766814926833]]]},"properties":{"objectid":208,"id":0,"area":0.18129312,"Shape__Area":182231.84375,"Shape__Length":2128.9168051107749}},{"type":"Feature","id":209,"geometry":{"type":"Polygon","coordinates":[[[-88.9031255225433,28.7688910880675],[-88.9065262684261,28.7673928665599],[-88.9089067904544,28.7616994242654],[-88.909927014309,28.7602010979463],[-88.9126476115543,28.76349738746],[-88.9129876858731,28.7679921575866],[-88.9068663427449,28.7691907301029],[-88.9031255225433,28.7688910880675]]]},"properties":{"objectid":209,"id":0,"area":0.5617937,"Shape__Area":564703.130859375,"Shape__Length":3620.4002795090541}},{"type":"Feature","id":210,"geometry":{"type":"Polygon","coordinates":[[[-88.9085667161355,28.7482137053781],[-88.9017652243698,28.7446172161225],[-88.8959839564587,28.7410206022499],[-88.8881622408382,28.7416200462316],[-88.8817008233913,28.7404211540411],[-88.8769397784366,28.7368243941378],[-88.8721787343802,28.73292776361],[-88.8755794802631,28.7299302544636],[-88.8786401518272,28.7308295165492],[-88.8834011958836,28.7344264851569],[-88.8874820913023,28.7359251852105],[-88.8902026876493,28.7368243941378],[-88.8959839564587,28.7362249218542],[-88.9004049261963,28.7392222480929],[-88.9055060445715,28.7422194875615],[-88.9085667161355,28.7443175035543],[-88.9085667161355,28.7482137053781]]]},"properties":{"objectid":210,"id":0,"area":2.6097610600000003,"Shape__Area":2623283.365234375,"Shape__Length":9999.8443397494266}},{"type":"Feature","id":211,"geometry":{"type":"Polygon","coordinates":[[[-88.9235299978406,28.7449169286184],[-88.9242101473765,28.7410206022499],[-88.9313517143594,28.7407208785754],[-88.9327120125328,28.7386227903537],[-88.9374730565892,28.7410206022499],[-88.9422341006456,28.7410206022499],[-88.9449546978909,28.7410206022499],[-88.9456348465285,28.7440177893386],[-88.9459749217456,28.7476142992332],[-88.9493756676285,28.7473145944769],[-88.9534565630473,28.7455163502427],[-88.9558370850755,28.7455163502427],[-88.9578775327848,28.7455163502427],[-88.9595779052771,28.7494125073481],[-88.96297865116,28.7536082043034],[-88.96297865116,28.7557059883835],[-88.9636588006959,28.759002421407],[-88.9643389493335,28.76349738746],[-88.9643389493335,28.7655949712565],[-88.9646790245506,28.7694903712779],[-88.9653591731882,28.7742845075476],[-88.9650190988694,28.777280730362],[-88.96297865116,28.7811756893999],[-88.9585576814224,28.7811756893999],[-88.9582176071036,28.7760822515625],[-88.9582176071036,28.7718874673407],[-88.9578775327848,28.7670932193623],[-88.9558370850755,28.7640967008551],[-88.956517233713,28.7593020918321],[-88.956517233713,28.7545072594466],[-88.9544767860036,28.7533085167479],[-88.9500558162661,28.7533085167479],[-88.9463149960644,28.7551066260291],[-88.9435943997174,28.7536082043034],[-88.9401936538345,28.7494125073481],[-88.9357726840969,28.7455163502427],[-88.9286311171141,28.7452166394668],[-88.9235299978406,28.7449169286184]]]},"properties":{"objectid":211,"id":0,"area":6.2893665,"Shape__Area":6321943.822265625,"Shape__Length":18290.597113734093}},{"type":"Feature","id":212,"geometry":{"type":"Polygon","coordinates":[[[-88.9704602924617,28.7952562386466],[-88.9728408144899,28.7901634955976],[-88.9731808888087,28.7874672355482],[-88.975901486054,28.7871676467946],[-88.975901486054,28.7916613869325],[-88.9735209640258,28.795855368022],[-88.9704602924617,28.7952562386466]]]},"properties":{"objectid":212,"id":0,"area":0.3826503,"Shape__Area":384631.00390625,"Shape__Length":2863.7833433674787}},{"type":"Feature","id":213,"geometry":{"type":"Polygon","coordinates":[[[-88.9558370850755,28.8276042621765],[-88.9531164878301,28.8279037338921],[-88.9476752942379,28.8276042621765],[-88.9469951456003,28.8240105383289],[-88.9503958914832,28.8180207203071],[-88.9527764135114,28.8144266625445],[-88.9558370850755,28.8099339141687],[-88.9616183529865,28.8141271520671],[-88.9612782786677,28.8183202195878],[-88.9592378309583,28.8246095015738],[-88.9558370850755,28.8276042621765]]]},"properties":{"objectid":213,"id":0,"area":2.32528134,"Shape__Area":2337310.947265625,"Shape__Length":6154.7932135762148}},{"type":"Feature","id":214,"geometry":{"type":"Polygon","coordinates":[[[-88.9527764135114,28.8021460197294],[-88.950735965802,28.8018464739458],[-88.9527764135114,28.7985514087771],[-88.9551569355395,28.7997496262036],[-88.9548168612207,28.8015469265139],[-88.9527764135114,28.8021460197294]]]},"properties":{"objectid":214,"id":0,"area":0.13614898,"Shape__Area":136853.59375,"Shape__Length":1483.1348053333495}},{"type":"Feature","id":215,"geometry":{"type":"Polygon","coordinates":[[[-88.9578775327848,28.796154931812],[-88.9558370850755,28.7964544939539],[-88.956517233713,28.7934588282849],[-88.9585576814224,28.794057968778],[-88.9578775327848,28.796154931812]]]},"properties":{"objectid":215,"id":0,"area":0.07452365,"Shape__Area":74909.384765625,"Shape__Length":1134.7691598062347}},{"type":"Feature","id":216,"geometry":{"type":"Polygon","coordinates":[[[-88.9748812621993,28.7799772561374],[-88.9718205906352,28.7799772561374],[-88.9697801429258,28.7775803475169],[-88.9728408144899,28.7739848809271],[-88.9769217099087,28.7748837589946],[-88.9796423062556,28.7736852526587],[-88.981682753965,28.7733856235298],[-88.9830430521385,28.7766814926833],[-88.9820228282838,28.7808760817847],[-88.9806625301103,28.7847709057791],[-88.9786220824009,28.7862688753691],[-88.9772617842274,28.7835725138275],[-88.9776018585463,28.7829733130813],[-88.9765816346915,28.7811756893999],[-88.9748812621993,28.7799772561374]]]},"properties":{"objectid":216,"id":0,"area":1.2812336000000002,"Shape__Area":1287867.181640625,"Shape__Length":5088.7912275904118}},{"type":"Feature","id":217,"geometry":{"type":"Polygon","coordinates":[[[-88.9803224557915,28.7685914451718],[-88.9820228282838,28.7658946227558],[-88.9854235741667,28.7652953188968],[-88.984403350312,28.7685914451718],[-88.9803224557915,28.7685914451718]]]},"properties":{"objectid":217,"id":0,"area":0.1519136,"Shape__Area":152700.259765625,"Shape__Length":1665.4470819744622}},{"type":"Feature","id":218,"geometry":{"type":"Polygon","coordinates":[[[-88.975901486054,28.7557059883835],[-88.9738610383446,28.7530088291198],[-88.9782820080821,28.7527091406318],[-88.975901486054,28.7557059883835]]]},"properties":{"objectid":218,"id":0,"area":0.08813855,"Shape__Area":88595.091796875,"Shape__Length":1368.2744870097606}},{"type":"Feature","id":219,"geometry":{"type":"Polygon","coordinates":[[[-88.9663793970429,28.7350259677576],[-88.9653591731882,28.7380233283876],[-88.9599179795959,28.7416200462316],[-88.957197383249,28.7404211540411],[-88.9575374575677,28.7380233283876],[-88.9605981291318,28.7380233283876],[-88.9643389493335,28.7365246584259],[-88.96297865116,28.7335272548079],[-88.9578775327848,28.7278319472269],[-88.9592378309583,28.7269326593525],[-88.96297865116,28.7305297636429],[-88.9663793970429,28.7350259677576]]]},"properties":{"objectid":219,"id":0,"area":0.6234190300000001,"Shape__Area":626649.373046875,"Shape__Length":5421.4095685326292}},{"type":"Feature","id":220,"geometry":{"type":"Polygon","coordinates":[[[-88.8374911260155,28.7380233283876],[-88.8337503049155,28.7392222480929],[-88.8334102305967,28.7311292685958],[-88.8388514241889,28.7254338295619],[-88.8449727673171,28.7185389307152],[-88.8473532893453,28.7155410050508],[-88.8514341838658,28.7140420103856],[-88.8527944829376,28.7107441446099],[-88.8565353031393,28.707446173285],[-88.8626566453691,28.7059470610409],[-88.8657173169332,28.7038482670251],[-88.8708184362067,28.7011497551548],[-88.8779600022913,28.7011497551548],[-88.8806805995366,28.7023491024426],[-88.8864618674476,28.7035484359845],[-88.8932633592134,28.7071463525546],[-88.8983644784869,28.7062468852081],[-88.8990446271245,28.7092450796237],[-88.9044858207168,28.709844708196],[-88.9123075363372,28.706846530965],[-88.9201292519577,28.708345630321],[-88.9282910427953,28.7131426023289],[-88.9262505950859,28.7146416106722],[-88.9157082822201,28.7128427987125],[-88.909927014309,28.7119433803439],[-88.9038056720792,28.7155410050508],[-88.9065262684261,28.7176395621185],[-88.9106071638449,28.7176395621185],[-88.9167285060748,28.7176395621185],[-88.9221696996671,28.716740185787],[-88.9286311171141,28.7212369893078],[-88.9279509675782,28.7257335970816],[-88.9225097748842,28.7233354304932],[-88.9177487299295,28.7239349774944],[-88.9133277601919,28.7230356560971],[-88.9092468656714,28.7236352040297],[-88.9092468656714,28.7257335970816],[-88.9000648509792,28.7224361039387],[-88.8929232848946,28.7188387180034],[-88.8973442546322,28.7173397706048],[-88.8915629867211,28.7182391417798],[-88.8800004500007,28.716440391695],[-88.8796603756819,28.7140420103856],[-88.884761494057,28.7140420103856],[-88.8837412711007,28.712243187326],[-88.8776199279725,28.7134424058738],[-88.8704783618879,28.7170399790195],[-88.869798212352,28.7143418105647],[-88.872518808699,28.7101445211933],[-88.8691180628161,28.7086454476145],[-88.8609562728768,28.7104443333312],[-88.8643570187597,28.7155410050508],[-88.8606161985581,28.7182391417798],[-88.8531345572564,28.7203376439161],[-88.8487135875188,28.7206374268354],[-88.8459929902735,28.7251340603948],[-88.841912095753,28.73292776361],[-88.8374911260155,28.7380233283876]]]},"properties":{"objectid":220,"id":0,"area":14.4927011,"Shape__Area":14567828.0078125,"Shape__Length":38354.858718197574}},{"type":"Feature","id":221,"geometry":{"type":"Polygon","coordinates":[[[-88.8351106039873,28.7221363261763],[-88.8354506783061,28.7200378609252],[-88.8405517975796,28.716440391695],[-88.8334102305967,28.7158408017209],[-88.8337503049155,28.7134424058738],[-88.8395315737248,28.7131426023289],[-88.8432723939265,28.7125429934489],[-88.8453128416359,28.709844708196],[-88.8459929902735,28.706846530965],[-88.8504139600111,28.708345630321],[-88.8527944829376,28.7056472360144],[-88.8555150792846,28.7050475833839],[-88.8521143334017,28.7095448943395],[-88.8456529159547,28.7155410050508],[-88.8351106039873,28.7221363261763]]]},"properties":{"objectid":221,"id":0,"area":1.35432411,"Shape__Area":1361344.740234375,"Shape__Length":8416.7055109405119}},{"type":"Feature","id":222,"geometry":{"type":"Polygon","coordinates":[[[-89.1975251606162,28.8763918094329],[-89.1876629972863,28.8778884476607],[-89.1771206844205,28.8784870967574],[-89.1686188201625,28.8799837047994],[-89.1563761348045,28.8826775446236],[-89.1499147173575,28.8832761653338],[-89.1414128522011,28.8868678202866],[-89.1352915099712,28.8868678202866],[-89.1274697934525,28.8865685207136],[-89.1278098686696,28.8901600610153],[-89.1308705402337,28.8940507543874],[-89.1244091227867,28.8991383615777],[-89.1159072576303,28.9012331852534],[-89.1094458401834,28.903327966648],[-89.0999237520706,28.9036272179059],[-89.095502782333,28.9063204372496],[-89.089041364886,28.9099112863278],[-89.083260096975,28.9072181609732],[-89.0829200217579,28.9006346688546],[-89.0880211410313,28.8955471350032],[-89.0914218869142,28.8967442245951],[-89.0934623346236,28.8940507543874],[-89.0944825584783,28.8898607701448],[-89.09822337868,28.8865685207136],[-89.1016241245629,28.886269220278],[-89.1063851686193,28.8868678202866],[-89.1070653181552,28.8841740907168],[-89.1057050199817,28.882378232188],[-89.1121664374286,28.8802830241351],[-89.1193080035132,28.8775891222119],[-89.126109495279,28.8775891222119],[-89.1295102411619,28.8778884476607],[-89.13563158429,28.8778884476607],[-89.1373319567823,28.8754938159899],[-89.1380121063182,28.8716024203337],[-89.138352180637,28.8683095858946],[-89.1386922558541,28.8656153703785],[-89.1369918824635,28.8626217148861],[-89.1373319567823,28.86052610372],[-89.13563158429,28.8587298317302],[-89.1393724044917,28.8545384094688],[-89.1417529265199,28.8551371946468],[-89.144813598084,28.8578316840971],[-89.1468540457934,28.8578316840971],[-89.1536555375592,28.8545384094688],[-89.1584165816155,28.8539396208429],[-89.153995611878,28.8524426337997],[-89.1505948659951,28.8521432342772],[-89.1444735237652,28.8515444310728],[-89.1386922558541,28.8521432342772],[-89.1349514347541,28.856634142113],[-89.13189076319,28.856634142113],[-89.1267896448149,28.8578316840971],[-89.1291701668431,28.8623223446736],[-89.1278098686696,28.8638191871146],[-89.1193080035132,28.8644179188424],[-89.1162473319491,28.8650166463349],[-89.1070653181552,28.8686089388629],[-89.1023042740988,28.8719017638168],[-89.0978833043612,28.8754938159899],[-89.0951627071159,28.8748951496447],[-89.0961829309706,28.8722011064375],[-89.0989035282159,28.8692076422127],[-89.1026443484176,28.8662140909733],[-89.1050248704458,28.8626217148861],[-89.1077454676911,28.8590292130749],[-89.1094458401834,28.8545384094688],[-89.0992436025347,28.8590292130749],[-89.0989035282159,28.859927350363],[-89.0975432291441,28.864118553803],[-89.0944825584783,28.868908290969],[-89.0904016630595,28.8701056907704],[-89.0910818125954,28.8656153703785],[-89.0927821850877,28.8623223446736],[-89.0921020364501,28.8584304503102],[-89.0900615887407,28.8554365855494],[-89.0849604694672,28.8575323000908],[-89.0815597235844,28.8575323000908],[-89.0778189033827,28.8623223446736],[-89.0720376345733,28.868908290969],[-89.0679567400528,28.8760924788855],[-89.0669365161981,28.8784870967574],[-89.0744181574998,28.8811809753938],[-89.0764586043109,28.8814802912794],[-89.0801994254109,28.876990467154],[-89.0778189033827,28.8745958147853],[-89.0723777097904,28.8748951496447],[-89.0747582318186,28.868010232064],[-89.0805394997297,28.8662140909733],[-89.0825799474391,28.8677108773712],[-89.0846203951485,28.8668128081191],[-89.0887012896689,28.8686089388629],[-89.0870009171767,28.8736978058192],[-89.085980693322,28.8805823418216],[-89.0893814392048,28.8790857431909],[-89.0927821850877,28.8787864204054],[-89.0958428566518,28.8772897951142],[-89.1026443484176,28.8775891222119],[-89.1091057658646,28.8772897951142],[-89.1114862878927,28.8772897951142],[-89.1162473319491,28.8733984675103],[-89.1216885255414,28.8754938159899],[-89.1091057658646,28.8805823418216],[-89.09822337868,28.8817796055159],[-89.0958428566518,28.8868678202866],[-89.0866608428579,28.891057926091],[-89.0818997979032,28.8895614791983],[-89.0747582318186,28.8940507543874],[-89.066596440981,28.8958464086954],[-89.0584346510418,28.8955471350032],[-89.0577545015059,28.8934521950008],[-89.0625155464606,28.8898607701448],[-89.0669365161981,28.8859699189799],[-89.0594548748965,28.8832761653338],[-89.0519732335948,28.8832761653338],[-89.0563942033324,28.876691139118],[-89.0628556207794,28.8707043854973],[-89.063875844634,28.864118553803],[-89.0594548748965,28.8677108773712],[-89.0526533831307,28.8677108773712],[-89.0584346510418,28.8614242280764],[-89.0526533831307,28.86052610372],[-89.0469763844713,28.8638380187614],[-89.0408550422414,28.8650354777648],[-89.0356496537163,28.8602267274725],[-89.0285080867334,28.8575323000908],[-89.0206863711129,28.8524426337997],[-89.0162654013753,28.8458556333994],[-89.0132047298112,28.8383698938716],[-89.0104841334643,28.8350759967245],[-89.0036826416985,28.8260921036867],[-89.0033425664814,28.815909412003],[-89.0036826416985,28.8072233797917],[-89.0060631637267,28.8024307727289],[-89.0104841334643,28.7949418785007],[-89.0104841334643,28.7898491200947],[-89.0108242077831,28.7787640130368],[-89.0111642821019,28.7739700841785],[-89.0091238352908,28.769475573892],[-89.0152451775207,28.768876291384],[-89.0172856252301,28.7781647838786],[-89.0162654013753,28.7847561105606],[-89.020006221577,28.7898491200947],[-89.0213665206488,28.7973383841424],[-89.0230668931411,28.8006334876613],[-89.0291882362693,28.8045275657376],[-89.0254474151693,28.8099191233086],[-89.0213665206488,28.815909412003],[-89.0254474151693,28.8218993522518],[-89.0325889821522,28.8192039219333],[-89.0257874903864,28.8290868216406],[-89.0291882362693,28.8308836102731],[-89.0407507720915,28.8365732352678],[-89.0461919656837,28.8332792804647],[-89.0512930849572,28.8326803678896],[-89.0618353969247,28.8353754461564],[-89.0699971877622,28.8374715688407],[-89.0757784556733,28.8359743424354],[-89.0791792015562,28.8326803678896],[-89.083260096975,28.8341776424719],[-89.0822398731203,28.8374715688407],[-89.0863207676407,28.8419631172275],[-89.0944825584783,28.8425619748044],[-89.0989035282159,28.8422625460534],[-89.104684796127,28.8398670858093],[-89.1063851686193,28.8428614026935],[-89.110466064038,28.8437596811904],[-89.1128465860662,28.840765390159],[-89.1165874071662,28.8374715688407],[-89.1223686750773,28.834776545644],[-89.1281499429884,28.8320814526551],[-89.1240690475696,28.8308836102731],[-89.1250892714243,28.8287873533284],[-89.1284900173072,28.8281884156937],[-89.1339312108994,28.8248941923837],[-89.1339312108994,28.8210008834936],[-89.1271297191337,28.8195034178112],[-89.1308705402337,28.8150108907783],[-89.1373319567823,28.8183054299185],[-89.1373319567823,28.8198029128278],[-89.1414128522011,28.8207013919225],[-89.1468540457934,28.8227978132575],[-89.1441334494464,28.8263915797523],[-89.1457146208904,28.8281637169009],[-89.1454937476199,28.8284878849418],[-89.146169871805,28.8286739452042],[-89.1478742696481,28.8305841479172],[-89.1502547916763,28.8323809107031],[-89.1488944935028,28.8332792804647],[-89.1451536724028,28.8371721254404],[-89.1407327026652,28.8425619748044],[-89.144813598084,28.8428614026935],[-89.1519551650669,28.8443585292126],[-89.1580765072967,28.844657951931],[-89.1587566568326,28.8458556333994],[-89.1618173283967,28.8383698938716],[-89.1597768806873,28.8350759967245],[-89.1618173283967,28.8308836102731],[-89.1580765072967,28.8299852198338],[-89.1509349412122,28.8299852198338],[-89.146169871805,28.8286739452042],[-89.1457146208904,28.8281637169009],[-89.1475341953293,28.825493149758],[-89.1638577752078,28.8245947120108],[-89.176440535783,28.8245947120108],[-89.1883431459239,28.8251936711081],[-89.1900435193145,28.8275894738258],[-89.1900435193145,28.8341776424719],[-89.1954847129068,28.8308836102731],[-89.2022862046725,28.8233967834789],[-89.210107920293,28.8233967834789],[-89.2111281441477,28.8272900012061],[-89.2029663542084,28.8317819929585],[-89.2118082936836,28.8302846846998],[-89.2135086661759,28.8368726811784],[-89.2084075478007,28.8410648232188],[-89.2009259064991,28.8464544693561],[-89.1924240413427,28.8488497771344],[-89.1832420275487,28.8521432342772],[-89.1740600137548,28.8539396208429],[-89.166238297236,28.8548378020954],[-89.1645379247437,28.8578316840971],[-89.1573963586592,28.8617236008753],[-89.1556959852686,28.8695069925943],[-89.1601169550061,28.8751944828552],[-89.1679386706266,28.8739971424792],[-89.1774607596377,28.8730991283389],[-89.1852824752581,28.8719017638168],[-89.1958247872256,28.8710037307806],[-89.203646502846,28.8716024203337],[-89.2050068019178,28.8757931482622],[-89.2097678459742,28.8787864204054],[-89.2012659808179,28.8817796055159],[-89.1948045633709,28.8817796055159],[-89.1931041908786,28.879684385388],[-89.1975251606162,28.8763918094329]]]},"properties":{"objectid":222,"id":0,"area":120.81938694,"Shape__Area":121444040.18359375,"Shape__Length":164984.28818521765}},{"type":"Feature","id":223,"geometry":{"type":"Polygon","coordinates":[[[-89.7565070312354,29.1101621855023],[-89.7484460044232,29.1087463679516],[-89.7492521067451,29.1044987976365],[-89.7460276956609,29.0945871117176],[-89.7436093877969,29.0889228582616],[-89.7403849767127,29.0761771379507],[-89.7395788734925,29.0690954936268],[-89.7411910790346,29.0627215936171],[-89.7323239490023,29.0520975415372],[-89.7282934355962,29.0443058678341],[-89.7339361545444,29.0421807622825],[-89.7460276956609,29.0584721053885],[-89.7484460044232,29.0683873018027],[-89.7548948256933,29.0634298243657],[-89.7565070312354,29.0563472948135],[-89.7629558534037,29.0528058460415],[-89.7710168811142,29.0450142266248],[-89.7806901134685,29.0428891356629],[-89.7847206277729,29.0457225797668],[-89.7960060656692,29.0400556129633],[-89.8089037100059,29.0350967594516],[-89.8145464289541,29.0322630204421],[-89.8218013534444,29.0265953074794],[-89.8282501756128,29.0294292036401],[-89.8290562779347,29.0400556129633],[-89.8161586344962,29.0443058678341],[-89.8097098123278,29.0478476115825],[-89.7935877578052,29.04997259884],[-89.7831084222308,29.0535141456816],[-89.770210777894,29.0584721053885],[-89.7557009289135,29.0740526962208],[-89.7484460044232,29.083966378956],[-89.7581192367775,29.0875067462165],[-89.7605375455398,29.0804258884393],[-89.7685985723519,29.0797177752634],[-89.7718229834361,29.0860906139152],[-89.7694046755721,29.0974191208177],[-89.7685985723519,29.109454279162],[-89.7565070312354,29.1101621855023]]]},"properties":{"objectid":223,"id":0,"area":27.07203666,"Shape__Area":27211424.953125,"Shape__Length":46215.389195494259}},{"type":"Feature","id":224,"geometry":{"type":"Polygon","coordinates":[[[-88.0294766870432,28.4698253218516],[-87.9714372902228,28.4420415484904],[-87.9464481047695,28.4092614639084],[-87.9520908237177,28.3650633913461],[-87.9456420024476,28.3194200570587],[-87.9311321525688,28.2851745569749],[-87.8972758379814,28.250204127152],[-87.8980819403033,28.2373549348667],[-87.9214589202145,28.2537730692051],[-87.9399992826011,28.2709023128929],[-87.958539645886,28.2873152275139],[-87.977080009171,28.3115731134899],[-87.9835288313393,28.3386782547309],[-87.9851410368814,28.3557936923846],[-87.9835288313393,28.3693414371711],[-87.9851410368814,28.3850261164595],[-87.9891715502875,28.4042722914204],[-88.0020691946243,28.4249401750387],[-88.0335072013476,28.4505911872186],[-88.0391499202958,28.4719622293091],[-88.0294766870432,28.4698253218516]]]},"properties":{"objectid":224,"id":0,"area":106.68170069,"Shape__Area":107238365.33984375,"Shape__Length":72308.8961177487}},{"type":"Feature","id":225,"geometry":{"type":"Polygon","coordinates":[[[-88.838967632949,28.7003768033239],[-88.8308058430098,28.6943798140538],[-88.838967632949,28.6883824780427],[-88.8471294237866,28.6875828069684],[-88.8543843482769,28.6839842107693],[-88.8616392727671,28.6815850776712],[-88.8707079290537,28.6815850776712],[-88.8820437480645,28.6815850776712],[-88.8924727025245,28.6807853539],[-88.9087962833014,28.6787860181506],[-88.9155977750671,28.6779862730074],[-88.9269335949762,28.6787860181506],[-88.9292007585987,28.6875828069684],[-88.9387228476097,28.6943798140538],[-88.9509655329678,28.699177433432],[-88.9577670247335,28.7007765907587],[-88.9659288155711,28.7031752793542],[-88.9727303073369,28.7059736797559],[-88.9768112018574,28.7067732095438],[-88.9867867235929,28.7159673499254],[-88.9849729926949,28.7199645479628],[-88.9867867235929,28.725960055771],[-88.9944950808077,28.7303565406664],[-89.0022034389207,28.7315555491207],[-89.0022034389207,28.737550385062],[-89.0044706025432,28.743544873148],[-89.01036522886,28.7487398160923],[-89.0180735860748,28.752735747441],[-89.0239682123916,28.7579302277118],[-89.0275956750858,28.7575306619658],[-89.0303162714328,28.7603275924363],[-89.0321300032291,28.767519351547],[-89.0339437341271,28.7751101103433],[-89.0389314949949,28.7791050220452],[-89.0357574650251,28.7823008404657],[-89.0321300032291,28.785097099978],[-89.0280491078103,28.7830997791803],[-89.0248750787389,28.7779065642045],[-89.0239682123916,28.7711150433007],[-89.0167132879013,28.7667202919349],[-89.0099117961355,28.7655216910455],[-89.0022034389207,28.7595284769785],[-88.9935882153587,28.7515369844056],[-88.9895073208382,28.7443441125015],[-88.9849729926949,28.735951796295],[-88.9827058281741,28.7283581613643],[-88.9822523954496,28.7223627926577],[-88.9772646354802,28.720364259757],[-88.9781715009292,28.7271591154444],[-88.9718234418879,28.7211636771861],[-88.9659288155711,28.7163670769983],[-88.9545929956621,28.7079724915875],[-88.946884637549,28.7031752793542],[-88.9396297130587,28.699177433432],[-88.9332816540174,28.6963788489187],[-88.9223992668329,28.6955792397116],[-88.9201321032104,28.6919809215079],[-88.9287473258742,28.6927805589899],[-88.9210389686594,28.6863832889057],[-88.9115168796483,28.6859834464979],[-88.8956467324943,28.6863832889057],[-88.8834040471363,28.6875828069684],[-88.8711613617782,28.6887823112896],[-88.8620927054916,28.6895819732027],[-88.8557446464504,28.6963788489187],[-88.8466759910621,28.6971784528052],[-88.838967632949,28.7003768033239]]]},"properties":{"objectid":225,"id":0,"area":32.53307849,"Shape__Area":32701707.517578125,"Shape__Length":65107.644391449248}},{"type":"Feature","id":226,"geometry":{"type":"Polygon","coordinates":[[[-88.8303524102853,28.687182969141],[-88.8242275251,28.681912384549],[-88.8160657342624,28.6751145594952],[-88.8187863315077,28.6719154285924],[-88.8183328987832,28.6687161992181],[-88.8187863315077,28.6651169485318],[-88.8233206596509,28.6651169485318],[-88.8287618532432,28.6659167927005],[-88.8323893150392,28.6667166307648],[-88.837377075907,28.6675164627246],[-88.8423648367748,28.6643170982588],[-88.8464457321936,28.6643170982588],[-88.8518869248875,28.6643170982588],[-88.8582349848271,28.6655168713792],[-88.8654899093174,28.6647170241583],[-88.8700242374607,28.6619175092387],[-88.8772791619509,28.6595178652839],[-88.8863478173392,28.6615175726572],[-88.8958699063502,28.6655168713792],[-88.8985905026972,28.6631173106158],[-88.9022179653915,28.6615175726572],[-88.9099263226063,28.6615175726572],[-88.9144606507495,28.6583180227069],[-88.9217155752398,28.6595178652839],[-88.9194484116173,28.6631173106158],[-88.9271567688321,28.6631173106158],[-88.9325979624244,28.6667166307648],[-88.9335048278734,28.663917170045],[-88.9384925887412,28.6643170982588],[-88.9430269168844,28.6651169485318],[-88.9502818413747,28.6663167124957],[-88.9570833331405,28.6687161992181],[-88.9647916912535,28.6687161992181],[-88.9729534811928,28.6699159219759],[-88.9783946747851,28.6755144441864],[-88.9865848047749,28.6752520198822],[-88.9950016506778,28.6808752451567],[-88.9952567066415,28.6939199526937],[-89.0034184965808,28.7031402211955],[-89.0138757910914,28.7080873435874],[-89.0220375810307,28.7096613786784],[-89.0230578048854,28.7044894593762],[-89.0279038672969,28.7056138120246],[-89.0319847627157,28.7096613786784],[-89.0378510498802,28.7083122071932],[-89.0447375600011,28.7074127498699],[-89.0455027278921,28.7013412091039],[-89.0460128398194,28.6903215766653],[-89.0506038471656,28.6858234309316],[-89.0564701334318,28.6806503218157],[-89.0618263086689,28.6824496934425],[-89.0585105811411,28.6878476204649],[-89.0585105811411,28.7008914506575],[-89.0613161967416,28.7065132848137],[-89.063356644451,28.7049392023582],[-89.0717734903539,28.6997670472667],[-89.0789150573368,28.6979679763985],[-89.0860566234213,28.6961688746049],[-89.097024028961,28.7008914506575],[-89.0960038051063,28.7062884173413],[-89.0916678546222,28.7083122071932],[-89.0888622390218,28.7132590826615],[-89.0911577426948,28.7143833394841],[-89.0934532454696,28.7152827368715],[-89.0949835812516,28.7166318168751],[-89.0924330216149,28.7202292787323],[-89.0906476307675,28.7206789532549],[-89.0880970711307,28.7222527964918],[-89.0840445157625,28.7242962592621],[-89.0786033221702,28.7274937728386],[-89.074975859476,28.7346878166453],[-89.0745224267515,28.7414817317896],[-89.074068994027,28.7478755969483],[-89.0695346658837,28.7522711503408],[-89.0668140695367,28.7550682232806],[-89.0704415313327,28.7574656537242],[-89.074975859476,28.7530703213456],[-89.0767895903739,28.7490744027992],[-89.0786033221702,28.7454779439676],[-89.083591083038,28.7450783297866],[-89.0876719775585,28.7406824705372],[-89.0894857084565,28.73508747057],[-89.0917528729773,28.7322898570625],[-89.0953803347733,28.7298918424592],[-89.0985543647431,28.7286928149198],[-89.0967406338451,28.7250956466279],[-89.0935666038753,28.7234968649961],[-89.0940200365998,28.7191000892503],[-89.0999146629166,28.7191000892503],[-89.1035421256108,28.7191000892503],[-89.1071695874068,28.7163020431425],[-89.1112504828256,28.7175012151523],[-89.1071695874068,28.7222977633185],[-89.1098901846521,28.7218980589155],[-89.1135176473464,28.7234968649961],[-89.1130642137236,28.7270940890885],[-89.1071695874068,28.7290924917693],[-89.1121573482746,28.731090857032],[-89.1098901846521,28.7354871237539],[-89.1030886928863,28.7354871237539],[-89.0990077974676,28.7358867746217],[-89.0953803347733,28.7370857196295],[-89.0917528729773,28.7462771677431],[-89.0917528729773,28.7498735990552],[-89.089032275732,28.7566665163597],[-89.0940200365998,28.761461248006],[-89.0944734693243,28.7666552902035],[-89.0903925748038,28.7706505287829],[-89.0953803347733,28.7706505287829],[-89.1017283947129,28.7734471045397],[-89.0999146629166,28.781436902321],[-89.1030886928863,28.779040028029],[-89.1085298864786,28.7786405431006],[-89.1171451091424,28.7786405431006],[-89.1222745675681,28.7808002376885],[-89.1215093996771,28.7843954677973],[-89.1138577216652,28.784620164826],[-89.1087566023917,28.784620164826],[-89.1113071620285,28.7884399512612],[-89.1169183932293,28.7893387039735],[-89.1222745675681,28.7877658818399],[-89.1230397354592,28.7864177291375],[-89.1261004070233,28.7850695590056],[-89.1261004070233,28.792034914841],[-89.1222745675681,28.7947310551943],[-89.1158981693746,28.7967531137147],[-89.1176835611203,28.8005724509125],[-89.1220195116044,28.8028190531292],[-89.1235498473865,28.8061888652483],[-89.1263554629869,28.8048409539504],[-89.1276307428053,28.8055149121725],[-89.130946470333,28.8070874633554],[-89.1363026446719,28.8073121122616],[-89.1403118051237,28.8088969210968],[-89.1397737969135,28.812308654733],[-89.1357925327446,28.8126877285638],[-89.1309504552597,28.8135406418036],[-89.1256779706676,28.8169522209879],[-89.1255703686662,28.8193213071238],[-89.1294440308339,28.8223536573178],[-89.1295516328352,28.8248173768772],[-89.123848741136,28.825859701582],[-89.1210510962871,28.8265229937597],[-89.1199750789685,28.8285128449364],[-89.1202978840742,28.8305026572906],[-89.1210510962871,28.8335346794635],[-89.1188990616498,28.835903383557],[-89.116531823908,28.8361876248344],[-89.1148101963778,28.8343874188016],[-89.1125505597391,28.8319239288784],[-89.1119049495275,28.8335346794635],[-89.1124429577377,28.8377983086432],[-89.1097529148902,28.8405458873093],[-89.1077084822542,28.8424407262783],[-89.1063096598297,28.8414933111075],[-89.1050184385083,28.8393142229233],[-89.1039424211897,28.8375140717652],[-89.1011447763407,28.8369455964671],[-89.1010371752377,28.8389352468172],[-89.1014675823448,28.8406406299987],[-89.0988851406003,28.8417775363286],[-89.0954418855399,28.842156502869],[-89.0925366386897,28.8417775363286],[-89.0886629765221,28.8414933111075],[-89.0864033398833,28.8411143429382],[-89.0851121194602,28.8399774285746],[-89.0849832633193,28.8389103326018],[-89.086003487174,28.834418650864],[-89.0887240835209,28.8305257021065],[-89.0894042330569,28.8257341782586],[-89.0931450532585,28.8212419231806],[-89.0948454266491,28.8170489740814],[-89.0931450532585,28.8116577894498],[-89.0921248294038,28.8155514515727],[-89.0900843816944,28.8188459728264],[-89.0849832633193,28.8197444609645],[-89.0815825174364,28.8161504626877],[-89.0781817706552,28.8161504626877],[-89.0792019945099,28.8209424323027],[-89.075801248627,28.8200439552878],[-89.0744409504535,28.822140389859],[-89.075801248627,28.8248357433783],[-89.0751210999894,28.8281299685377],[-89.0679795330065,28.8278304974729],[-89.066619234833,28.8236378168327],[-89.0672143651155,28.8176854149618],[-89.0672143651155,28.8161130253319],[-89.0682345889702,28.8111710715492],[-89.0633885265587,28.8102725094504],[-89.0605829109583,28.8107217914686],[-89.0605829109583,28.8152145058638],[-89.050125617346,28.8149898747856],[-89.0445143861451,28.8111710715492],[-89.0445143861451,28.8039823530306],[-89.0447694421088,28.7985904851181],[-89.0419638265084,28.7936476923185],[-89.0376278760243,28.7898280990269],[-89.0371177640969,28.7869071386878],[-89.0353323723512,28.7833119967397],[-89.0404334907263,28.7819637856709],[-89.0445143861451,28.7828625949866],[-89.0411986586174,28.7783684717401],[-89.0404334907263,28.7731999881559],[-89.0373728200606,28.7698290987116],[-89.0340570925328,28.7671323074915],[-89.0371177640969,28.7615137673156],[-89.0432391063268,28.7531977671761],[-89.0394132668717,28.750950084255],[-89.0394132668717,28.7561196815424],[-89.0366076521696,28.7561196815424],[-89.0317615888597,28.7543215897067],[-89.028445861332,28.7540968266407],[-89.0289559732593,28.7498262246527],[-89.0289559732593,28.7453306645179],[-89.0256402457316,28.73971093852],[-89.0223245191021,28.7338660996995],[-89.0159481200103,28.7291450281438],[-89.0108470016351,28.7273464672514],[-89.0103368897077,28.723749252631],[-89.0034503786885,28.7165544481439],[-88.9947784768219,28.7122822967688],[-88.9833009593549,28.7037374642494],[-88.9736088327353,28.6963163801249],[-88.9649369308687,28.6895694781628],[-88.9552448051474,28.6843965564695],[-88.9554998611111,28.6852962139646],[-88.9521841335833,28.6855211265397],[-88.9496335739465,28.6830470561289],[-88.9460627913534,28.6823722994373],[-88.944022343644,28.6830470561289],[-88.9412167280436,28.6796732284099],[-88.9401965041889,28.6823722994373],[-88.9381560564795,28.6843965564695],[-88.9350953849154,28.6830470561289],[-88.931779658286,28.680797849988],[-88.9299942665403,28.6805729264808],[-88.9236178674484,28.6762992904364],[-88.9177515811822,28.6765242231206],[-88.9106100141993,28.6762992904364],[-88.9027032802237,28.677648878509],[-88.8983673288413,28.6767866442379],[-88.891112404351,28.6759868830416],[-88.8811368826155,28.6751871165278],[-88.8734285254007,28.6751871165278],[-88.8688941972574,28.6727877795646],[-88.8634530036651,28.6727877795646],[-88.8571049446239,28.6739874549148],[-88.8498500201336,28.6735875651832],[-88.8453156919903,28.6699884826087],[-88.8412347974698,28.6779862730074],[-88.8421416629188,28.6815850776712],[-88.8380607675001,28.6819849368729],[-88.8303524102853,28.687182969141]]]},"properties":{"objectid":226,"id":0,"area":175.11106843,"Shape__Area":176018327.1953125,"Shape__Length":158356.39740560233}},{"type":"Feature","id":227,"geometry":{"type":"Polygon","coordinates":[[[-88.8296687186922,28.633918209709],[-88.8242275251,28.6243167110148],[-88.8342030468355,28.6283174433268],[-88.8342030468355,28.6211160144407],[-88.8387373740805,28.6167148955597],[-88.8414579713258,28.6251168703059],[-88.8473525976425,28.6311178638784],[-88.8500731939895,28.63551837265],[-88.8446320003973,28.6371185119784],[-88.8332961804882,28.6351183345965],[-88.8296687186922,28.633918209709]]]},"properties":{"objectid":227,"id":0,"area":3.21789319,"Shape__Area":3234601.419921875,"Shape__Length":9351.8173828032122}},{"type":"Feature","id":228,"geometry":{"type":"Polygon","coordinates":[[[-89.1234931681837,28.7799813070576],[-89.1224729443289,28.7766855437315],[-89.1265538397477,28.7742885586888],[-89.1289343617759,28.775786681188],[-89.1282542131383,28.7796816967989],[-89.1262137654289,28.7802809164557],[-89.1234931681837,28.7799813070576]]]},"properties":{"objectid":228,"id":0,"area":0.38408345,"Shape__Area":386072.1171875,"Shape__Length":2352.0340819437552}},{"type":"Feature","id":229,"geometry":{"type":"Polygon","coordinates":[[[-89.1204324966196,28.7724907837662],[-89.1194122736632,28.7706929778672],[-89.1187321241273,28.7709926139411],[-89.1200924223008,28.7655990227351],[-89.1296145113118,28.7655990227351],[-89.1285942874571,28.7706929778672],[-89.1245133920384,28.7712922499419],[-89.1204324966196,28.7724907837662]]]},"properties":{"objectid":229,"id":0,"area":0.79181383,"Shape__Area":795914.26171875,"Shape__Length":3697.7429431913993}},{"type":"Feature","id":230,"geometry":{"type":"Polygon","coordinates":[[[-89.1153313782444,28.7715918850824],[-89.1098901846521,28.7715918850824],[-89.1064894387692,28.7703933401454],[-89.1112504828256,28.7670972707827],[-89.1177119002726,28.7670972707827],[-89.1177119002726,28.7697940629082],[-89.1153313782444,28.7715918850824]]]},"properties":{"objectid":230,"id":0,"area":0.54029650000000007,"Shape__Area":543094.431640625,"Shape__Length":3100.6410591909366}},{"type":"Feature","id":231,"geometry":{"type":"Polygon","coordinates":[[[-89.057518697337,28.8234156216573],[-89.0551381744105,28.8219181914881],[-89.0554782496277,28.818024770536],[-89.0578587716558,28.8198217524435],[-89.057518697337,28.8234156216573]]]},"properties":{"objectid":231,"id":0,"area":0.13328269,"Shape__Area":133972.20703125,"Shape__Length":1630.3496256094404}},{"type":"Feature","id":232,"geometry":{"type":"Polygon","coordinates":[[[-89.0391546688508,28.8335975721892],[-89.0364340725038,28.8318008304065],[-89.0357539229679,28.8291056595764],[-89.0405149670243,28.8285067229859],[-89.0422153404149,28.830004057607],[-89.0408550422414,28.8332981176418],[-89.0391546688508,28.8335975721892]]]},"properties":{"objectid":232,"id":0,"area":0.31959183,"Shape__Area":321244.830078125,"Shape__Length":2172.0355049437444}},{"type":"Feature","id":233,"geometry":{"type":"Polygon","coordinates":[[[-89.0469763844713,28.8806011704307],[-89.0493569064995,28.8761113083084],[-89.0483366826448,28.8710225611258],[-89.0520775037448,28.8695258232106],[-89.0554782496277,28.8716212505704],[-89.0530977275995,28.877607950577],[-89.0469763844713,28.8806011704307]]]},"properties":{"objectid":233,"id":0,"area":0.66856317,"Shape__Area":672018.298828125,"Shape__Length":3793.15589765603}},{"type":"Feature","id":234,"geometry":{"type":"Polygon","coordinates":[[[-89.045276011979,28.8698251726756],[-89.0439157129072,28.8668316392237],[-89.0486767578619,28.8650354777648],[-89.0493569064995,28.8680290629516],[-89.045276011979,28.8698251726756]]]},"properties":{"objectid":234,"id":0,"area":0.21210579000000002,"Shape__Area":213202.087890625,"Shape__Length":1883.04758090281}},{"type":"Feature","id":235,"geometry":{"type":"Polygon","coordinates":[[[-89.2013702509678,28.851263862889],[-89.207378431523,28.8434023980185],[-89.2243065892659,28.8334654171528],[-89.2412347470087,28.8277867117355],[-89.2597751102936,28.8242373622531],[-89.2654178292418,28.8249472424596],[-89.2758971648162,28.8199779817352],[-89.2976619391854,28.8185581487243],[-89.3202328158764,28.8185581487243],[-89.3362541081702,28.8198226882458],[-89.343055599936,28.8206213369983],[-89.3557517180185,28.8250137928906],[-89.3602860461618,28.8274095997478],[-89.3548448525695,28.833398871338],[-89.3462296290074,28.833398871338],[-89.3344403763739,28.8318017661011],[-89.3240114228121,28.8318017661011],[-89.3153961992501,28.8341974151595],[-89.3085947074843,28.8361937463331],[-89.2968054548507,28.839787044837],[-89.3063275438618,28.8425817458988],[-89.3135824683521,28.8409847831679],[-89.3140359010766,28.8365930075002],[-89.3199305273934,28.8345966847726],[-89.3285457509554,28.8353952186164],[-89.3289991836799,28.8385892927185],[-89.3367075408947,28.8361937463331],[-89.3462296290074,28.8377907833842],[-89.3457761962829,28.8457755978213],[-89.3539379871205,28.8533605978146],[-89.3484967935283,28.8613442044796],[-89.3435090326604,28.8705245867535],[-89.3494036589772,28.8687659083316],[-89.3532294984324,28.866296223893],[-89.3611362324079,28.8604585532364],[-89.3652171278267,28.8525996276798],[-89.3652171278267,28.8447401018791],[-89.3608811764443,28.8397995219064],[-89.3578205048802,28.8341849382053],[-89.3596058966259,28.8310406374753],[-89.3644519599357,28.8238533045544],[-89.3624115122263,28.8171147243873],[-89.3667474636088,28.8101510619524],[-89.3726137498749,28.8043102086544],[-89.3784800370395,28.8020636385847],[-89.3846013792693,28.7991430242227],[-89.3889373306518,28.7986936914901],[-89.3930182260706,28.8013896580407],[-89.3953137288453,28.7975703515773],[-89.3976092325184,28.7995923550182],[-89.3978642884821,28.8045348635485],[-89.3965890086637,28.8110496258857],[-89.3945485618526,28.8182378520195],[-89.3925081141432,28.8260993999868],[-89.3807755407125,28.8355324657948],[-89.3828159875236,28.8438418326347],[-89.3914878902885,28.8433926943171],[-89.3976092325184,28.8384520495717],[-89.3976092325184,28.8319390188053],[-89.3953137288453,28.825874792388],[-89.39505867378,28.8216071598797],[-89.395568784809,28.8168900974075],[-89.3968440646274,28.8123974560726],[-89.3983744004094,28.806781379553],[-89.3993946242641,28.801614318444],[-89.3981193444457,28.7986936914901],[-89.3937833939616,28.7955483089103],[-89.3965890086637,28.7939755812404],[-89.4009249600462,28.7962223272286],[-89.4031726410068,28.797394828573],[-89.4050377375727,28.7961310543748],[-89.408050585526,28.7977739582383],[-89.4087679307046,28.7948672640671],[-89.4081940545617,28.7919604888438],[-89.4083375235974,28.7869050318769],[-89.4102026201634,28.785261955154],[-89.4124981238364,28.7842508177858],[-89.4136458752238,28.7851355633223],[-89.4160848479326,28.7891800180816],[-89.4180934135342,28.7937298400049],[-89.4193846339573,28.7979003339621],[-89.4194590252426,28.8006660602068],[-89.4197991004597,28.8054587492194],[-89.4167384288956,28.8141449301342],[-89.4119773848393,28.8219319181485],[-89.4194590252426,28.8240283147088],[-89.4231998463426,28.8297183183544],[-89.4235399206614,28.8321140153668],[-89.4235399206614,28.8378035723109],[-89.427960890399,28.8396002088849],[-89.4323818601366,28.839899645298],[-89.4357826060195,28.8401990808493],[-89.4333170656362,28.843475348075],[-89.4305114500357,28.8459455801093],[-89.4246451628712,28.8454964516613],[-89.4226047151618,28.8481911940488],[-89.4213294353435,28.8524577246848],[-89.4167384288956,28.8569486197256],[-89.4146979811863,28.861439317658],[-89.4111271976948,28.8668278969186],[-89.4019451839009,28.8699711048928],[-89.3907227223975,28.8780531976244],[-89.3897024985428,28.8776042094466],[-89.3986294563731,28.8697465935835],[-89.4004148481188,28.8657052999972],[-89.4001597921552,28.8594185278283],[-89.4047507995013,28.8556013718931],[-89.4019451839009,28.850661312521],[-89.3970991205911,28.8576222367023],[-89.3894474425791,28.866154340378],[-89.3792452049305,28.8796246425382],[-89.3940384499253,28.8668278969186],[-89.3963339527,28.8686240274016],[-89.3861317150514,28.8771552185417],[-89.3774598131848,28.8859101789589],[-89.3721036379476,28.8973578485793],[-89.3759294774027,28.892195331829],[-89.3802654287852,28.8888283340552],[-89.3772047572211,28.8964600379867],[-89.3777148691484,28.9027445459117],[-89.3774598131848,28.9052133543066],[-89.3677676874635,28.9031934246055],[-89.3590957846985,28.9031934246055],[-89.3496587149409,28.9036423013576],[-89.3417519809653,28.9070088139293],[-89.3358856938008,28.9099263696523],[-89.3277239038616,28.9135170931435],[-89.3241531203701,28.9173320989002],[-89.3261935680795,28.9238397233514],[-89.3307845745273,28.9278787307596],[-89.3379261415102,28.9328150798463],[-89.3478733231952,28.9352831654495],[-89.352719386505,28.9321419553195],[-89.3580755608438,28.9276543454561],[-89.3629216241537,28.9294494135],[-89.3728688058386,28.9290006492064],[-89.3838362113783,28.9254104672824],[-89.3891923866155,28.9162100526255],[-89.3904676664338,28.9110484838975],[-89.3960788967363,28.9094775200842],[-89.3968440646274,28.9061110883945],[-89.3973541765547,28.9016223402901],[-89.4006699040825,28.8982556514064],[-89.3991395683004,28.8957866751431],[-89.395568784809,28.8973578485793],[-89.3914878902885,28.8973578485793],[-89.3891923866155,28.8915219413235],[-89.3881721627608,28.8854612247427],[-89.3894474425791,28.8814205494625],[-89.3932732820342,28.877828703778],[-89.4006699040825,28.8731142162256],[-89.4070463031743,28.8726652067035],[-89.417248540823,28.8726652067035],[-89.4215844913071,28.8758082357576],[-89.4254103307623,28.8818695211454],[-89.4289811142537,28.8852367469068],[-89.4325518977451,28.8827674586891],[-89.4338271775635,28.8843388307112],[-89.4340822335272,28.8879304489135],[-89.437908072084,28.887705976415],[-89.4391833519023,28.8856857020934],[-89.4399485197934,28.8825429750309],[-89.4384181840113,28.8755837370602],[-89.4373979601566,28.8683995131821],[-89.4338271775635,28.8630110161862],[-89.4358676243746,28.8630110161862],[-89.4396934638297,28.8688485419227],[-89.4419889675028,28.87603273397],[-89.4422440234664,28.8800736219835],[-89.4435193032848,28.8816450355465],[-89.4463249188852,28.87737971463],[-89.4481103097326,28.8749102372706],[-89.4491305335873,28.8780531976244],[-89.4442844711758,28.8852367469068],[-89.4404586317207,28.8892772729281],[-89.4353575124472,28.892195331829],[-89.429491226181,28.892195331829],[-89.4269406665443,28.892195331829],[-89.4282159463627,28.903417862831],[-89.4231148270892,28.9074576741773],[-89.4134227013679,28.9198005570328],[-89.4095968619128,28.9227177482707],[-89.4044957435376,28.9278787307596],[-89.4022002398645,28.9325907052277],[-89.4014350719735,28.9361806361227],[-89.395568784809,28.9413409412738],[-89.3876620508334,28.9471740175523],[-89.3738890296933,28.9597364379985],[-89.3703182462019,28.9491930819438],[-89.3667474636088,28.9487444039323],[-89.363431736081,28.9534554202223],[-89.3578205048802,28.9552500358305],[-89.3516991626503,28.9527824313514],[-89.3458328754858,28.951436439704],[-89.3397115332559,28.9512121061931],[-89.3320598543457,28.9543527319138],[-89.3251733442248,28.9568202989757],[-89.321857616697,28.9601850676024],[-89.3131857148304,28.9532310910846],[-89.3052789799565,28.9458279522369],[-89.2966070780899,28.9440331718],[-89.2884452881507,28.9440331718],[-89.2759475468289,28.9442575208584],[-89.267275644064,28.9467253307952],[-89.2580936302701,28.9507634377136],[-89.2519722871419,28.952558100756],[-89.2463610568394,28.954801384844],[-89.2427902733479,28.9579419009293],[-89.2384543228638,28.9617552551213],[-89.235138595336,28.9624281856762],[-89.2274869164258,28.9639983383881],[-89.2200902943776,28.9671385723641],[-89.2147341191404,28.9702787102851],[-89.213458839322,28.9734187521445],[-89.2086127769105,28.9756615802898],[-89.2040217695644,28.9707272934146],[-89.2040217695644,28.9642226441988],[-89.2040217695644,28.9604093816754],[-89.2063172732375,28.9581662198621],[-89.2096330007653,28.9595121232535],[-89.2106532246199,28.9617552551213],[-89.2162644549225,28.9613066331073],[-89.2185599585955,28.9597364379985],[-89.2165195108861,28.9570446203383],[-89.2167745668498,28.9554743605948],[-89.2200902943776,28.9556986848731],[-89.2234060219053,28.9563716547925],[-89.2269768044984,28.9574932616058],[-89.2285071402805,28.9534554202223],[-89.2313127558809,28.9541284047198],[-89.2371790430454,28.951660772729],[-89.2422801614206,28.94807138445],[-89.2381992669001,28.9494174198277],[-89.2361588191907,28.9485200645907],[-89.2320779237719,28.9465009870809],[-89.234373427445,28.9433601209234],[-89.2330981476266,28.9413409412738],[-89.2277419723895,28.940443516077],[-89.2216206301596,28.9386486407933],[-89.2157543429951,28.9373024639282],[-89.2068273851648,28.9323663309095],[-89.1996858181819,28.9319175792437],[-89.1917790842064,28.9303469346866],[-89.1838723502308,28.929673794132],[-89.1731600006548,28.929225031596],[-89.1665285455992,28.929225031596],[-89.159897091442,28.929225031596],[-89.1529687351003,28.9309740564639],[-89.1516775146772,28.9329618873933],[-89.1494178780384,28.9341687656668],[-89.147158242298,28.9341687656668],[-89.1432038781803,28.9332458600161],[-89.1387653077514,28.9332458600161],[-89.1364249700608,28.9319679763007],[-89.1343267364241,28.9290571833651],[-89.1419126577572,28.9267852872276],[-89.1482073586672,28.9252943277901],[-89.1533722421562,28.9250813320591],[-89.1596669430662,28.9235193484234],[-89.1662037480302,28.9231643484321],[-89.172821254046,28.920892321595],[-89.1755650978942,28.9200402990903],[-89.1778247345329,28.9200402990903],[-89.1800843702733,28.9201113011675],[-89.1826668120178,28.9190462633322],[-89.1853299548142,28.9192592714597],[-89.1862176690796,28.9213183306154],[-89.1876702925047,28.9223833451166],[-89.1913018506184,28.920892321595],[-89.1934000842551,28.9209633238752],[-89.1963860321572,28.9206793168216],[-89.198403564742,28.919330274858],[-89.2005824994306,28.9186912480278],[-89.2046175646002,28.9186912480278],[-89.2071515188789,28.9187907402811],[-89.2091919665883,28.9226803492854],[-89.2071515188789,28.9238771219185],[-89.2020503996054,28.9229795439352],[-89.1986496537225,28.9274673577252],[-89.2027305491413,28.9274673577252],[-89.2074915931977,28.9268689942484],[-89.2142930849635,28.9259714413787],[-89.2190541299181,28.9229795439352],[-89.2176938308463,28.9199875585901],[-89.210212190443,28.9178931174856],[-89.2010301757507,28.9178931174856],[-89.1925283114927,28.9187907402811],[-89.1901477885662,28.9199875585901],[-89.1836863720175,28.9166962742206],[-89.1772249545705,28.9166962742206],[-89.1748444325423,28.9196883553077],[-89.1670227169219,28.9208851632578],[-89.157160553592,28.9223811537723],[-89.1452579425528,28.925073881525],[-89.1345509065117,28.9280119592301],[-89.1299598991655,28.9299051873295],[-89.1282382716353,28.9276333097757],[-89.1295294920584,28.9243516198346],[-89.1295294920584,28.9215747241406],[-89.1276643954925,28.9204386995301],[-89.1223560438661,28.9210698260248],[-89.1179085055557,28.9205649254508],[-89.1174780993468,28.9171567803139],[-89.1222125748304,28.9141272225515],[-89.1213517615144,28.9128648812261],[-89.1121697468222,28.915137085495],[-89.1072918023029,28.9167780904328],[-89.1039920162782,28.9190502081933],[-89.0989706018249,28.9210698260248],[-89.0932318430914,28.9239729570121],[-89.0863453329705,28.9275070924595],[-89.083762891226,28.9300314009398],[-89.0862018639348,28.9301576143965],[-89.0895016499595,28.9273808757758],[-89.0978228504375,28.9228369586749],[-89.1060005809815,28.9198075691944],[-89.1057136438084,28.9222058437214],[-89.0973924433304,28.9256138205661],[-89.0945230635145,28.9291479000815],[-89.0890712428524,28.933312908732],[-89.0850541116491,28.934448790708],[-89.0818977946601,28.9364681054438],[-89.0778806634568,28.9392445990601],[-89.0751547526766,28.9381087696466],[-89.0727157808661,28.9360894868787],[-89.0708506834019,28.9397494078744],[-89.0694159939431,28.9411376188438],[-89.0652553937041,28.9420210167124],[-89.064968456531,28.9396232053118],[-89.0620990767151,28.9369729285698],[-89.0603774491848,28.9347012074964],[-89.0583688835832,28.9291479000815],[-89.0606643872563,28.9256138205661],[-89.0682682425557,28.9209436007186],[-89.079602290987,28.9181666129752],[-89.0840498292974,28.9172830094428],[-89.0889277738167,28.9170305502451],[-89.09294490502,28.9162731681784],[-89.0962446910447,28.9137485216096],[-89.0986836637535,28.9110975763053],[-89.1031312020639,28.9080678400084],[-89.1052832367013,28.9080678400084],[-89.1068613951958,28.9092040016845],[-89.1104481192919,28.9073103925033],[-89.1133174991079,28.904154299094],[-89.1176215683825,28.9013768563895],[-89.1235037961518,28.8998618558114],[-89.1270905202479,28.8979680745809],[-89.1301033682012,28.8950642079618],[-89.1333553315135,28.8940695797683],[-89.1408369728152,28.8907774653594],[-89.1442377186981,28.8898795970719],[-89.1486586884356,28.8937703009538],[-89.1530796581732,28.8934710212766],[-89.1592010004031,28.8931717407367],[-89.1643021196766,28.8907774653594],[-89.169063163733,28.8865873482376],[-89.1796054765987,28.8853901407502],[-89.1833462968004,28.8853901407502],[-89.1887874903927,28.8850908361319],[-89.1938886096661,28.8844922258808],[-89.2108923390806,28.8806011704307],[-89.2139530106447,28.8758119777393],[-89.2197342785557,28.8743153088119],[-89.2204144280916,28.8695258232106],[-89.2282361437121,28.8653348401635],[-89.2418391272436,28.8629399160461],[-89.2319769639138,28.8620418047844],[-89.2234750996557,28.8626405467499],[-89.2170136822088,28.858748664299],[-89.210212190443,28.8608443112946],[-89.2061312950242,28.8629399160461],[-89.2017103252866,28.8590480455895],[-89.1976294298678,28.8560541986121],[-89.2013702509678,28.851263862889]]]},"properties":{"objectid":235,"id":0,"area":408.84961504,"Shape__Area":410962040.26367188,"Shape__Length":275353.10786059574}},{"type":"Feature","id":236,"geometry":{"type":"Polygon","coordinates":[[[-87.2044696523762,29.4932739039116],[-87.0920687007474,28.9534661787208],[-87.1247158623011,28.955593127734],[-87.1561538690244,28.9651638497927],[-87.1894056075441,28.984834192341],[-87.2190298833695,28.98749205742],[-87.2504678900928,29.0007803455716],[-87.2927882840007,29.0007803455716],[-87.337526986671,28.9970597987149],[-87.3635237998021,28.9869604897114],[-87.3834748423749,28.9837710276559],[-87.404635039778,28.9805814656759],[-87.4263998141471,28.9800498624509],[-87.4511874733462,28.975265308141],[-87.4783934404092,28.9779234214474],[-87.4989490608464,28.9672905553652],[-87.5213184121815,28.9508074310243],[-87.5430831856523,28.9359171701619],[-87.5854035795602,28.9226204676359],[-87.598099698541,28.9337898140064],[-87.6114003935896,28.9524026878327],[-87.6126095475216,28.9646321657862],[-87.6416292463809,28.9518709390794],[-87.639210938517,28.934321657139],[-87.6476750169392,28.9090560564302],[-87.6476750169392,28.8510546540453],[-87.6646031746821,28.816983545646],[-87.6851587942209,28.8148537276333],[-87.7039006828617,28.8201781910009],[-87.7165968018425,28.8334881457472],[-87.7250608802648,28.822307899338],[-87.7383615753133,28.8042039756736],[-87.7589171957504,28.817515993344],[-87.7831002779836,28.8361499302759],[-87.8127245538089,28.8265671837591],[-87.839325943906,28.8132563347555],[-87.8544403707508,28.7940856923788],[-87.8737868363577,28.7876946869934],[-87.8804371838819,28.7807706508467],[-87.8852738005082,28.7669211854328],[-87.8937378789305,28.7583975141919],[-87.902201958251,28.7424137364631],[-87.9076431518433,28.7264274868481],[-87.9191301159939,28.7115047590661],[-87.9233621547558,28.6939144965845],[-87.9294079253141,28.6784539207915],[-87.9312216571104,28.6453925434094],[-87.9173163841976,28.6310448947244],[-87.9294079253141,28.6129074855998],[-87.9130843454356,28.5814262341592],[-87.9124797684696,28.5675501172447],[-87.9118751906053,28.5542059530356],[-87.9100614597073,28.5333856445973],[-87.8870875314062,28.4997440582836],[-87.900992804319,28.4874595083339],[-87.902201958251,28.4735708860561],[-87.8925287249985,28.4452537508234],[-87.8889012632025,28.4206704032541],[-87.8798326069159,28.4067729157409],[-87.8683456427654,28.3853885685777],[-87.8665319118674,28.354373523673],[-87.8701593736634,28.3362415245498],[-87.8786234529839,28.3271476043606],[-87.8798326069159,28.3223328575523],[-87.8683456427654,28.3100275035603],[-87.8822509147799,28.3153778344308],[-87.8816463378139,28.3094924553535],[-87.8768097220859,28.294510006646],[-87.8713685284937,28.2875531453444],[-87.8786234529839,28.2800606277014],[-87.8701593736634,28.2731028119879],[-87.8508129080566,28.236700604967],[-87.8508129080566,28.2179592807025],[-87.8326755963817,28.1981434085297],[-87.8097016680806,28.179930954793],[-87.7800773922553,28.1649301101325],[-87.7571034639541,28.1445684217734],[-87.7292929199251,28.1156266622889],[-87.7032961058957,28.0974000220431],[-87.6869725260172,28.0834598921592],[-87.6591619810898,28.0620099681966],[-87.6646031746821,28.0528924398423],[-87.6531162105315,28.0384100545461],[-87.6283285513324,28.0228527046265],[-87.601122583371,28.0121221745116],[-87.6083775078613,28.0228527046265],[-87.5974951215751,28.0314363507837],[-87.5920539279828,28.0186142740353],[-87.5575930355311,27.9992977739457],[-87.5303870675697,27.9799777734019],[-87.5098314480309,27.967095829728],[-87.4789980182736,27.9552860168763],[-87.4511874733462,27.9418641892941],[-87.4221677744868,27.9209227737793],[-87.3738016100206,27.8999772592293],[-87.3447819111612,27.8860113058973],[-87.3399452945349,27.8736552913648],[-87.3447819111612,27.8612978531044],[-87.3453864881272,27.8505510969791],[-87.3707787242923,27.8666708268848],[-87.404030462812,27.8865484919075],[-87.4288181220111,27.8892343795988],[-87.4221677744868,27.8790276468392],[-87.3798473805789,27.8575366105918],[-87.3550597213798,27.8435651277791],[-87.3314812161127,27.8376535680817],[-87.3066935569136,27.8328165960262],[-87.2843242055785,27.8312042230354],[-87.272232664462,27.8215294796845],[-87.2486541591948,27.813466527391],[-87.2232619230298,27.8086284656489],[-87.2051246104566,27.8080908895783],[-87.1785232203595,27.7951882635142],[-87.1525264072285,27.7903493791258],[-87.1434577509419,27.7736804455925],[-87.099928203102,27.7494790149746],[-87.0406796514512,27.7037503720078],[-86.9425943069874,27.659441103981],[-86.8587608791348,27.6018056218282],[-86.7586938098317,27.5309247814449],[-86.6841079027202,27.4760554792217],[-86.6210174784832,27.412608611968],[-86.5552734506598,27.3464931489274],[-86.4823837155184,27.268305764325],[-86.4299878227737,27.2132900765282],[-86.3295623616048,27.1320764428769],[-86.2562081112232,27.0779340200776],[-86.1819805959775,27.0482430140746],[-86.1636420338313,27.0281579217373],[-86.1880934509246,27.0168054784776],[-86.2107983373914,27.0194252733245],[-86.2693070841848,27.0473697495806],[-86.3086040039679,27.0735676960146],[-86.3767186651648,27.0962725824024],[-86.4230017029625,27.1434288861317],[-86.512074720898,27.2124168122301],[-86.5068351317133,27.225515784904],[-86.4806371857902,27.2089237521102],[-86.4439600605994,27.1731198926402],[-86.4649184173379,27.2097970174189],[-86.5173143100826,27.2648127050745],[-86.5959081496489,27.3450657473245],[-86.6290922153832,27.3948418454662],[-86.6832346378561,27.4463644736834],[-86.7565888873394,27.4996336311247],[-86.8229570188081,27.5616354375549],[-86.8770994412811,27.5904531790227],[-86.8936914736991,27.6009323575893],[-86.9687922538089,27.6559480450109],[-87.0164965692181,27.6773803491204],[-87.0715130812086,27.7085931454299],[-87.1156472060145,27.7435622828911],[-87.1392257112816,27.7564710977722],[-87.1785232203595,27.7709916664964],[-87.2129841128112,27.7844348918605],[-87.2413992347046,27.7987904019314],[-87.2667914708697,27.8073920369479],[-87.2813013198502,27.8057792831949],[-87.3030660942193,27.8127677093452],[-87.337526986671,27.8272806821337],[-87.3810565345109,27.8385671940597],[-87.4173311578605,27.8584500674957],[-87.430631852909,27.8627485823553],[-87.4433279718899,27.8713450958711],[-87.4783934404092,27.8847757685949],[-87.5013673687103,27.8971305007875],[-87.471138515919,27.8740313653893],[-87.4511874733462,27.8584500674957],[-87.429422698977,27.8466282628402],[-87.4076579255063,27.8385671940597],[-87.406448770676,27.8272806821337],[-87.4167265808945,27.8267431999824],[-87.4106808103362,27.8192181616952],[-87.3955663843897,27.8084671933454],[-87.3907297677634,27.8025537022791],[-87.4130991182002,27.8084671933454],[-87.430027275943,27.8262057143752],[-87.4759751325453,27.8471656457021],[-87.4983444838804,27.8525393278686],[-87.5134589098269,27.8665096416265],[-87.5442923404826,27.871882355421],[-87.5890310422545,27.8906847315799],[-87.6319560131284,27.9067984280637],[-87.6313514361624,27.9164654818945],[-87.6156324332499,27.9196876398324],[-87.6621848659198,27.9336492000195],[-87.6247010886381,27.9266686473277],[-87.6077729308953,27.9255946757612],[-87.5847990025942,27.9255946757612],[-87.5406648777883,27.9159284467659],[-87.5182955264532,27.911632064172],[-87.4771842864773,27.8949819539664],[-87.4445371258219,27.8804781363309],[-87.467511054123,27.8944448105968],[-87.5074131392686,27.9180765728655],[-87.535828261162,27.9315013865299],[-87.5672662678854,27.942240023886],[-87.6095866626916,27.9667737613886],[-87.6627894437841,28.0000490362371],[-87.7039006828617,28.0306316634824],[-87.7552897330562,28.0633507151475],[-87.772217890799,28.0976680836306],[-87.8072833602166,28.1221124465545],[-87.8084925141486,28.134975640036],[-87.7964009730321,28.1344397042671],[-87.8151428616729,28.1489090044696],[-87.8320710194157,28.1548033383171],[-87.8556495246828,28.1692698585976],[-87.8580678325468,28.1756987889277],[-87.8616952952411,28.1703413740791],[-87.8707639515277,28.1762345158141],[-87.8780188760179,28.1896267984296],[-87.8616952952411,28.1906981075954],[-87.8544403707508,28.1933763339335],[-87.8683456427654,28.2040885602644],[-87.8677410657994,28.2180128317773],[-87.8695547966974,28.2308643778348],[-87.8762051442216,28.235683304125],[-87.8816463378139,28.2501387644222],[-87.8973653416247,28.2613805314591],[-87.904620266115,28.2827901066111],[-87.9088523057753,28.2956337647412],[-87.9263850404841,28.3025900923577],[-87.9275941944161,28.3127562061256],[-87.9197346929599,28.3186414022186],[-87.9179209611636,28.3309457490546],[-87.9161072302656,28.3448532769524],[-87.9263850404841,28.3480624452904],[-87.9348491189064,28.3608981385387],[-87.9360582737367,28.3721280846192],[-87.9318262340764,28.3726628134831],[-87.9354536958724,28.3780099578286],[-87.9348491189064,28.3897727146367],[-87.9336399649744,28.4047415904564],[-87.9281987713821,28.4026033098657],[-87.9251758865521,28.4084834750775],[-87.9281987713821,28.4202428160078],[-87.9324308110424,28.4458949778919],[-87.9239667326201,28.4410856761718],[-87.9288033483481,28.4627792213217],[-87.9360582737367,28.4900233595618],[-87.9517772766492,28.549294870327],[-87.9681008574261,28.5738479685283],[-87.9874473230329,28.593059399262],[-87.9977251332514,28.6373389030497],[-87.9922839396591,28.6533389007555],[-87.9856335921349,28.6554720469999],[-87.9795878215766,28.6405391002006],[-87.9753557819163,28.6256040046925],[-87.9729374740523,28.6389390138266],[-87.9747512049503,28.6661371232546],[-87.9668917034941,28.6821326806777],[-87.9614505099018,28.6997249436409],[-87.9638688177658,28.7210448934781],[-87.9578230472075,28.7519510217075],[-87.9354536958724,28.7631388934679],[-87.9336399649744,28.7702239188187],[-87.9269896174501,28.7904641716258],[-87.9124797684696,28.820284676862],[-87.9082477288093,28.8341269807465],[-87.901597381285,28.8798998081391],[-87.8961561876928,28.9096944215192],[-87.8622998722071,28.9166097927236],[-87.837512213008,28.929375408165],[-87.8344893272797,28.963940973674],[-87.8308618654838,29.0016838866172],[-87.8411396757023,29.0452569723637],[-87.8774142990519,29.0877493903418],[-87.8816463378139,29.1302241051303],[-87.8731822593917,29.1500218850999],[-87.8828554926442,29.1866349651976],[-87.8641136031051,29.1892875736945],[-87.8453717144643,29.1802684202237],[-87.8157474386389,29.2052017729044],[-87.7970055499981,29.2227045082697],[-87.7909597794398,29.2481576401326],[-87.8024467435904,29.251391850812],[-87.8199794782992,29.2429084550618],[-87.8320710194157,29.2349546256587],[-87.8502083310906,29.2423782187888],[-87.8641136031051,29.2328334992667],[-87.8768097220859,29.2386664903088],[-87.9064339979113,29.2185147342042],[-87.9294079253141,29.1877490692003],[-87.9263850404841,29.168648448665],[-87.9294079253141,29.1458291116016],[-87.9457315060909,29.1495442364628],[-87.9554047393435,29.1304364348204],[-87.9783786676446,29.1076085241723],[-87.9874473230329,29.1219429263882],[-87.9947022475231,29.1107941214916],[-87.9886564769648,29.0890238894484],[-87.9922839396591,29.0778714824339],[-88.0013525959457,29.0847754974975],[-87.9850290151689,29.0629997080742],[-87.9904702087612,29.0385628036885],[-87.9886564769648,29.0252794242812],[-88.008607520436,29.0008334951249],[-88.0297677169408,28.9710653490377],[-88.0521370682759,28.9774449661392],[-88.0618103015285,28.9652170176501],[-88.0805521901693,28.9567097580851],[-88.0986895018441,28.9503288495835],[-88.0998986557761,28.9359703538208],[-88.1168268135189,28.9354385191486],[-88.13980074182,28.9226736581169],[-88.1337549712617,28.9088432671944],[-88.1180359674509,28.90405538969],[-88.1065490033004,28.8939469166527],[-88.1083627350967,28.8769198713604],[-88.1198496983489,28.8763877307978],[-88.1307320855335,28.8971391738334],[-88.14282362665,28.8854337464994],[-88.1452419354123,28.8762280880976],[-88.2002584474028,28.8309860055559],[-88.1972355625728,28.7990384501299],[-88.2159774512136,28.7447048960436],[-88.246206304005,28.6999381650717],[-88.2625298847818,28.6455525434594],[-88.3084777404857,28.5798252384041],[-88.3423340559713,28.5387245818225],[-88.4275794207532,28.4762419181345],[-88.4934783199282,28.4334972175835],[-88.5255209045159,28.421739364605],[-88.5503085637149,28.4014272378181],[-88.5811419934723,28.3928735858514],[-88.6071388075017,28.3714864053183],[-88.6319264667008,28.3581172048775],[-88.6579232798319,28.3345832798779],[-88.6651782043221,28.3260241831293],[-88.6911750183516,28.3115791271909],[-88.7413549137157,28.2949916185981],[-88.7498189930363,28.2778662887369],[-88.7679563047111,28.2612734728136],[-88.7582830714585,28.2521730775168],[-88.7727929204391,28.2425365097001],[-88.8320414720898,28.2350407934575],[-88.8611955220848,28.2232904844346],[-88.8891404163511,28.2213865135488],[-88.9213845262947,28.2213865135488],[-88.9536286362382,28.2156743963691],[-88.9869475498765,28.2166264373838],[-89.0148924450412,28.2194825087068],[-89.0503609651706,28.2251944205713],[-89.0826050751142,28.2251944205713],[-89.0836798788089,28.2394728487597],[-89.0503609651706,28.2404246751419],[-89.0181168561254,28.2518459244934],[-88.9966207822308,28.2604110504424],[-88.9923215683502,28.2832479856732],[-88.9815735314029,28.3079824161792],[-88.9751247092345,28.3127383716335],[-88.9611522621014,28.320347453253],[-88.9590026547119,28.3270049484423],[-88.9471798140699,28.3270049484423],[-88.9450302066804,28.3317600435902],[-88.9224593299894,28.3308090420553],[-88.8988136496037,28.3270049484423],[-88.9256837410736,28.3526799104422],[-88.9310577595473,28.3678917433762],[-88.9213845262947,28.3754968339136],[-88.9041876680773,28.3659903843778],[-88.9009632569931,28.3783486005293],[-88.9235341336841,28.3916558221432],[-88.9289081521578,28.406862008417],[-88.942880599291,28.4249164903653],[-88.989097157266,28.4581666029731],[-89.0159672487359,28.4942547642608],[-89.0363885180375,28.5009012242355],[-89.0525105725601,28.517040867087],[-89.091203504672,28.5419100169614],[-89.1159239887525,28.5884051033814],[-89.158916134745,28.6253965576816],[-89.1728885827765,28.6272932002432],[-89.1825618151308,28.6367758950434],[-89.2266287657163,28.6813329610878],[-89.2610224821511,28.7145013208547],[-89.2716361688611,28.7214668066415],[-89.2788910933514,28.731059312796],[-89.2879597487396,28.7334573006131],[-89.2915872114339,28.7418498187501],[-89.2928341512017,28.7553863152387],[-89.2979352704752,28.76557498081],[-89.3115382540067,28.7745641453706],[-89.3224206411913,28.776062263125],[-89.3295622081742,28.7778599757182],[-89.3370438485775,28.7823541216607],[-89.3411625298321,28.7874638934838],[-89.3544632257789,28.7975828258335],[-89.3653456120652,28.8071682670245],[-89.3520449170166,28.818882596957],[-89.3314892974778,28.8151554540274],[-89.3206069102933,28.8146229942616],[-89.2946100962639,28.81622036618],[-89.2680087061668,28.818882596957],[-89.2432210469677,28.8242068519783],[-89.2208516956326,28.8258040745306],[-89.2051326918218,28.8199474694253],[-89.1900182658752,28.8199474694253],[-89.1718809542004,28.8204799019695],[-89.1628122979139,28.81622036618],[-89.1481009226791,28.7995177360415],[-89.1392337926467,28.7824750724626],[-89.1376215871046,28.7682707019839],[-89.1231117381241,28.7561954522245],[-89.1158568136339,28.7412770181084],[-89.1255300459881,28.7306196759775],[-89.141652101409,28.7270669841926],[-89.1456826148151,28.7149869211378],[-89.1368154847828,28.7043268711698],[-89.1513253337633,28.6965088034638],[-89.1360093815626,28.6858468512996],[-89.1126324025497,28.6766056062319],[-89.1102140937874,28.6638086747141],[-89.1376215871046,28.6730510612506],[-89.1569680536098,28.6808708987975],[-89.1714779025903,28.6979303146205],[-89.1803450326227,28.7071696586338],[-89.1940487792813,28.7085910226124],[-89.227905094767,28.7284880753964],[-89.2061403203979,28.7121443484651],[-89.1875999571129,28.695087273001],[-89.1622455067836,28.6689020871777],[-89.1486425232521,28.6575040506582],[-89.1326590176924,28.6476047405196],[-89.117695735089,28.6380045075609],[-89.1020523038481,28.6248027380906],[-89.0843684248978,28.6197016055215],[-89.0745062615679,28.6106989954501],[-89.0809676790149,28.6019957306383],[-89.0673646954834,28.5905903515013],[-89.0530815624159,28.590290192568],[-89.0428793247673,28.581285036352],[-89.0285961916998,28.5713784649468],[-89.0143130586324,28.5659744828929],[-89.0037707457666,28.5668751661042],[-88.9962891044649,28.571678677859],[-88.9898276879163,28.5785833376103],[-88.9826861209334,28.578283144402],[-88.9724838832848,28.574980963355],[-88.9826861209334,28.5842868418317],[-88.9901677622351,28.5894197286297],[-89.0024104475931,28.5978239078264],[-89.0153332824871,28.610729005001],[-89.0382670623832,28.6316869955192],[-89.0451535734024,28.637256327312],[-89.0606482220727,28.6495753033985],[-89.076908038634,28.6610491989768],[-89.090489768026,28.6728592371518],[-89.1021585772412,28.6818002290437],[-89.1025411607375,28.6780889672914],[-89.1069408763355,28.6785950565051],[-89.1153577222384,28.6915838262278],[-89.124922320427,28.7052455801333],[-89.1321914149426,28.7038963517026],[-89.1381214654243,28.7118228189823],[-89.1388866333153,28.7216035814446],[-89.1279829919911,28.7237956943158],[-89.1210964809719,28.7236270718199],[-89.1168880580205,28.7212663291101],[-89.1128709268172,28.7172192162514],[-89.1147838460956,28.7155328722116],[-89.1115318827833,28.7118228189823],[-89.1033063286285,28.7062574904327],[-89.0987153221807,28.7015351589037],[-89.0918288111615,28.6949572662595],[-89.0816903377284,28.6917525003779],[-89.0742299514646,28.6920898494386],[-89.0709779881524,28.6952946042047],[-89.0705954037577,28.7000172204939],[-89.0673434404454,28.7022097905167],[-89.0621785578548,28.7022097905167],[-89.059500469787,28.7006918626805],[-89.0593091780389,28.6951259349741],[-89.0667695643026,28.6910778005711],[-89.0740386588181,28.6880415960561],[-89.0686824844793,28.684330557845],[-89.064417382325,28.6832778234502],[-89.0562555914874,28.6784794683558],[-89.0485472342726,28.6732809993876],[-89.0408388770579,28.6696819070705],[-89.0435594734049,28.6788793394138],[-89.0408388770579,28.6904749399384],[-89.0390251452616,28.6996705273939],[-89.0340373852921,28.6952727398653],[-89.0331305189448,28.6916744103377],[-89.0295030571488,28.6884757907547],[-89.0245152962811,28.6848772260327],[-89.0181672372398,28.6780795949831],[-89.0177138045153,28.6704817163974],[-89.0168069390663,28.6644829968549],[-89.0136329090965,28.6600837158425],[-89.012272610923,28.6548843255812],[-89.0118191781985,28.6496846743189],[-89.0068314173307,28.6436847528278],[-89.0018436564629,28.6404846532083],[-88.9959490301462,28.6376844849804],[-88.9941352992482,28.632083921968],[-88.9832529120636,28.6304837050809],[-88.9846132102371,28.6328840204733],[-88.9873338074824,28.6328840204733],[-88.9896009711049,28.6428847366806],[-88.9900544038294,28.6492846902837],[-88.9837063447881,28.6504846370242],[-88.9769048530223,28.6484847176368],[-88.9719170921546,28.6448847644261],[-88.9691964958076,28.640884670802],[-88.9628484367663,28.6412846868707],[-88.9596744067965,28.6380845132506],[-88.9587675413475,28.6308837615901],[-88.9546866459287,28.6332840678328],[-88.9510591841328,28.6284834004506],[-88.9465248559895,28.6300836470469],[-88.946978288714,28.6420847152204],[-88.9537797804797,28.648084729025],[-88.9555935113777,28.6456847653197],[-88.96103470497,28.6460847630842],[-88.9623950031435,28.6508846164827],[-88.9682896294603,28.6500846568285],[-88.9682896294603,28.6544843613792],[-88.9651156003888,28.6600837158425],[-88.9682896294603,28.6672824424607],[-88.9628484367663,28.6664826087148],[-88.9587675413475,28.6648829229096],[-88.9565003768267,28.6668825263508],[-88.9519660495818,28.6640830700624],[-88.9528729150308,28.6584839315863],[-88.9528729150308,28.6540843956515],[-88.9424439605707,28.6508846164827],[-88.9374561997029,28.6508846164827],[-88.9302012752127,28.6456847653197],[-88.9306547079372,28.6536844291865],[-88.9306547079372,28.6584839315863],[-88.9233997834469,28.6516845708229],[-88.9138776944358,28.6428847366806],[-88.9075296353945,28.6392845896986],[-88.9002747109043,28.636084354283],[-88.9002747109043,28.640884670802],[-88.8934732191385,28.6372844543966],[-88.8834976974029,28.636084354283],[-88.8771496383617,28.636084354283],[-88.8698947138714,28.6376844849804],[-88.8585588939624,28.638484540784],[-88.8513039694721,28.6340841571882],[-88.8513039694721,28.6248827538448],[-88.8517574021966,28.6196816006015],[-88.8490368049513,28.6148803040524],[-88.839968149563,28.6092785117439],[-88.8331666577973,28.6092785117439],[-88.828632329654,28.6104789214672],[-88.8240980015107,28.6080780890917],[-88.8290857623785,28.6024759300903],[-88.8240980015107,28.5964732823747],[-88.8095881525302,28.58766877244],[-88.8018797944171,28.5808647770471],[-88.7905439754064,28.5728595071079],[-88.7946248699268,28.5808647770471],[-88.7801150209463,28.5736600614376],[-88.7851027818141,28.5780630025395],[-88.7841959154668,28.5836664761284],[-88.7742203946295,28.5756614217932],[-88.77527840432,28.5707913788467],[-88.7583502465772,28.553711073774],[-88.7474678593926,28.5451698713036],[-88.7311442795141,28.5414328751315],[-88.7281213937858,28.5483729047913],[-88.7323534334461,28.5649203400477],[-88.7408175118684,28.5793304811856],[-88.7250985089558,28.5713250936902],[-88.7329580104121,28.5830661178723],[-88.7257030859218,28.5846670642907],[-88.708170351213,28.5878688832172],[-88.7214710462615,28.5932050282676],[-88.7353763182761,28.5932050282676],[-88.7486770133246,28.5937386277965],[-88.7462587054606,28.5900033742127],[-88.7420266658004,28.5814651470813],[-88.7438403975967,28.5814651470813],[-88.7432358206307,28.5734599236235],[-88.7541182069169,28.5798641519186],[-88.7716509416257,28.5900033742127],[-88.7813241748783,28.5990744717354],[-88.7903928311649,28.6038764978446],[-88.8000660635191,28.6065441943387],[-88.7928111390288,28.6102788545269],[-88.7843470597083,28.6054771241848],[-88.773464673422,28.6006751720134],[-88.7801150209463,28.6070777253514],[-88.7855562145386,28.6182812451506],[-88.7813241748783,28.6294835579252],[-88.7855562145386,28.6374844698791],[-88.7873699454366,28.6321505968793],[-88.7885790993685,28.6236158300482],[-88.7964386017231,28.6177477718331],[-88.8001794219248,28.6110666171821],[-88.8078310999367,28.6110666171821],[-88.815482778847,28.6115167642803],[-88.8216041210768,28.6146677415276],[-88.817013114629,28.6178186234521],[-88.8129322192102,28.621869617423],[-88.8142074990286,28.6261454950809],[-88.8078310999367,28.6313213217494],[-88.8034951494526,28.6313213217494],[-88.796863694397,28.6373969634481],[-88.7958434705424,28.6488722048294],[-88.7978839182517,28.6434722494171],[-88.8037502054162,28.636496890812],[-88.8131872751739,28.628620922767],[-88.8175232265563,28.6232199132263],[-88.8233895128225,28.6232199132263],[-88.8246647926409,28.6333465749964],[-88.8274704082413,28.6427972347537],[-88.8318063587255,28.6490971971682],[-88.8254299605319,28.6475222422371],[-88.8129322192102,28.6508971161365],[-88.8070659320457,28.6574215609519],[-88.8182883944474,28.6515720778835],[-88.8244097366772,28.6520220497052],[-88.8218591770405,28.6544968606039],[-88.8165030027016,28.6587713945268],[-88.8136973871012,28.6637206353348],[-88.8134423311375,28.6695694334435],[-88.8150842538476,28.6746095395298],[-88.830005026375,28.6874891656325],[-88.8315513036601,28.6878054426966],[-88.8343569183622,28.6893797860017],[-88.8320614146891,28.6916288062379],[-88.829255799987,28.6905043017649],[-88.8238996247499,28.6992751089078],[-88.8320614146891,28.698150688151],[-88.8404782614904,28.7019736699075],[-88.8374175899263,28.7069208482426],[-88.8310411917328,28.7170393408809],[-88.8320614146891,28.7289554077307],[-88.8300209678781,28.7388469495019],[-88.8404782614904,28.7370485571441],[-88.8519557789574,28.7348005235644],[-88.8664939679885,28.7300794942187],[-88.8616479046787,28.7365989546122],[-88.8435389330545,28.7435675788198],[-88.8568018422672,28.7422188495766],[-88.8626681285334,28.7476136612812],[-88.8478748835386,28.7491870949861],[-88.8430288211271,28.7518843537474],[-88.8394580376357,28.7566043883546],[-88.828490632096,28.7644706330166],[-88.8264501843866,28.7700890124446],[-88.8404782614904,28.7655943334144],[-88.8358872541443,28.7712126515604],[-88.8251749045683,28.7770553781749],[-88.8261951284229,28.7855941541934],[-88.8325715266165,28.7864929314342],[-88.8430288211271,28.786942316756],[-88.8399043853475,28.7898127227284],[-88.8223055247523,28.7953735547783],[-88.8253661963164,28.8056518791532],[-88.8268965320985,28.8118857745052],[-88.8312962476964,28.8113803377461],[-88.8467908963667,28.8095270478609],[-88.8444953926937,28.812728163654],[-88.8381827578173,28.8145813958016],[-88.8288094513769,28.8187931636297],[-88.8312962476964,28.8219939914993],[-88.8427737651635,28.8204778225968],[-88.8473647716113,28.8219659148624],[-88.8338468064349,28.825335101308],[-88.8323164706528,28.8273565603704],[-88.8455793798656,28.8280303713354],[-88.8575670101582,28.8307255707939],[-88.8501703872117,28.8305009731765],[-88.839202981672,28.8305009731765],[-88.8325715266165,28.8313993591644],[-88.8325715266165,28.833869880255],[-88.8407333174541,28.839035324613],[-88.8443041009455,28.8403827893943],[-88.849915331248,28.8415056628574],[-88.8560366743762,28.8417302359384],[-88.8616479046787,28.8376878423821],[-88.8670040799159,28.833869880255],[-88.8741456460004,28.8293779793941],[-88.8764411496735,28.8313993591644],[-88.8736355340731,28.8329715163782],[-88.8664939679885,28.8372386774985],[-88.8624130725697,28.842628524202],[-88.8585872331146,28.846446161022],[-88.8527209468484,28.8450987763443],[-88.8432838770908,28.8450987763443],[-88.8374175899263,28.8435268047096],[-88.8414984853451,28.8480180885413],[-88.848384995466,28.8498145471471],[-88.8534861147395,28.8516109747239],[-88.859862512933,28.8558773642798],[-88.860627680824,28.8500391022911],[-88.8664939679885,28.8536319178701],[-88.8667490239522,28.8594699757885],[-88.8715950863637,28.8617152945478],[-88.8731254221457,28.8662057850046],[-88.87006475148,28.8738391685051],[-88.8667490239522,28.8843902663344],[-88.8687894716616,28.8877349634198],[-88.8690445276253,28.8818985089926],[-88.8761860937098,28.8648362060232],[-88.8805220450923,28.84822019129],[-88.8843478836491,28.836317883859],[-88.8856231634675,28.8298047187419],[-88.8840928276854,28.8250880315811],[-88.8772063175645,28.829130919262],[-88.8759310377462,28.8264356785155],[-88.8828175487654,28.8208203660376],[-88.8868984432858,28.8221680689976],[-88.8917445065956,28.82014650841],[-88.891489450632,28.8156540091188],[-88.8935298983414,28.8109366738613],[-88.8899591148499,28.8039725944885],[-88.8897040588862,28.7970080449413],[-88.8912343946683,28.7900430252905],[-88.8891939469589,28.7830775356071],[-88.8935298983414,28.7819540250676],[-88.8996512405712,28.7889195913689],[-88.8968456258691,28.7952106655729],[-88.8942950662324,28.8021753367995],[-88.8965905699054,28.8095888247741],[-88.8993961846076,28.8143062210701],[-88.9009265203896,28.8212696025581],[-88.9019467442443,28.8113859530151],[-88.9034770800263,28.8068930727107],[-88.902966968099,28.7972327155768],[-88.9057725836994,28.7898183391597],[-88.9073029194815,28.7830775356071],[-88.9108737020746,28.7806057972322],[-88.9157197653844,28.7842010332562],[-88.912914149784,28.791391130333],[-88.912914149784,28.7956600133205],[-88.9182703250211,28.7990300592908],[-88.9213309965852,28.8075670168721],[-88.9208208846579,28.8262110716422],[-88.9198006608032,28.8369916360255],[-88.9208208846579,28.8405849069768],[-88.9264321149604,28.8381145468715],[-88.9246467232147,28.8322752784696],[-88.9264321149604,28.8264356785155],[-88.9325534580886,28.8280079106991],[-88.9356141296527,28.8349703664395],[-88.9427556957372,28.8475465126224],[-88.9455613113376,28.854507647651],[-88.946836591156,28.8585493812926],[-88.9521927654948,28.8587739167882],[-88.9580590526594,28.8587739167882],[-88.9636702829619,28.8589984525856],[-88.9657107306713,28.8563039933721],[-88.9710669059084,28.8594475227258],[-88.9743826334362,28.8592229878982],[-88.9764230802473,28.8536094635467],[-88.9792286958477,28.854507647651],[-88.9779534160293,28.8598965901395],[-88.9751478013272,28.8677549586204],[-88.9677511783807,28.8607947199343],[-88.9641803948892,28.8650607287268],[-88.958314108623,28.8650607287268],[-88.9544882691679,28.8646116836213],[-88.9491320939308,28.8648362060232],[-88.946836591156,28.867081408088],[-88.9435208636282,28.8650607287268],[-88.9430107517009,28.8596720562817],[-88.9396950241731,28.8596720562817],[-88.9361242406817,28.8612437815287],[-88.9330635700159,28.8628154830132],[-88.9328085140522,28.8652852501588],[-88.931724525982,28.8654817069973],[-88.9290464388126,28.8634609957494],[-88.931724525982,28.8600930563754],[-88.9315332342339,28.8584090457715],[-88.9280899791734,28.8565566018159],[-88.9280899791734,28.8540304881886],[-88.9307680663428,28.8520095527879],[-88.935359073689,28.8491464928253],[-88.935359073689,28.8457780850657],[-88.9321071103767,28.8430832793783],[-88.9277073947787,28.8429148520002],[-88.9227338039363,28.8459465078083],[-88.9198644241204,28.8491464928253],[-88.918716672733,28.8466201976253],[-88.9164211690599,28.8417358503576],[-88.9158472938154,28.8356722010651],[-88.9148908332779,28.8410621289098],[-88.9150821259244,28.8488096566432],[-88.917951504842,28.8525147899266],[-88.9248380158612,28.8557145704966],[-88.9282812709216,28.8607666537661],[-88.9277073947787,28.8643029635434],[-88.9253268727506,28.8636761657707],[-88.9253268727506,28.8603830778453],[-88.9195456048395,28.8567904978884],[-88.9154647094207,28.8573892700976],[-88.9107036653643,28.8534971894964],[-88.9107036653643,28.8585868033844],[-88.9073029194815,28.8573892700976],[-88.9032220240627,28.8612812034374],[-88.9025418745268,28.8660710729247],[-88.9025418745268,28.8717587535952],[-88.8967606066157,28.8744528082716],[-88.8974407561516,28.8789427428576],[-88.8981209047892,28.8852283213292],[-88.8933598607328,28.8936084953786],[-88.8909793387046,28.8936084953786],[-88.8953152900871,28.8845922983699],[-88.893019786414,28.8785311734352],[-88.8935298983414,28.8731432073026],[-88.8971006809345,28.8686530197313],[-88.8960804579781,28.8646116836213],[-88.8984397249684,28.8589142518168],[-88.9053262359876,28.851841139863],[-88.9078130314088,28.8476307225962],[-88.9089607827962,28.8430832793783],[-88.91029982683,28.83786189285],[-88.908769491048,28.8338193474387],[-88.9030307323145,28.8365143954237],[-88.9009265203896,28.8403884038862],[-88.9011178121378,28.8474623025806],[-88.8934661341259,28.8516727258784],[-88.8930835506295,28.8466201976253],[-88.8948051781597,28.8405568353543],[-88.8992048928594,28.8339877903267],[-88.8993961846076,28.8296081945081],[-88.8959529295471,28.8279236848439],[-88.8957616377989,28.8370197093968],[-88.8933598607328,28.8397240307349],[-88.8902991891687,28.8397240307349],[-88.889278965314,28.8463114233396],[-88.8845179212576,28.8520001960844],[-88.8783965790278,28.8729561197653],[-88.8736355340731,28.8894184940745],[-88.8698947138714,28.897499057948],[-88.8680243037706,28.9037760210149],[-88.8647085762428,28.9163437560854],[-88.8685344156979,28.9158949350699],[-88.8779714854555,28.9163437560854],[-88.8838377726201,28.9167925759452],[-88.8942950662324,28.9158949350699],[-88.9075579754451,28.9152216999051],[-88.9228613323673,28.9134263831972],[-88.9335736819433,28.9127531320106],[-88.9231163874326,28.9161193458204],[-88.902201800208,28.9201586570885],[-88.8820523808743,28.920831860207],[-88.8608827367877,28.9212806598581],[-88.8542512826305,28.937211775575],[-88.8481299395023,28.9513457637223],[-88.8522108349211,28.9556080134092],[-88.8588422890783,28.9567296284939],[-88.8766962056372,28.9452885791514],[-88.8769512616009,28.952916086854],[-88.8779714854555,28.9571782711261],[-88.8835827166564,28.9455129254913],[-88.8866433873222,28.9394553959316],[-88.8912343946683,28.9376605035325],[-88.8927647304503,28.9423720285922],[-88.8950602341234,28.9410259008846],[-88.9001613524986,28.9432694378718],[-88.9019467442443,28.9466346506892],[-88.9055175277357,28.9394553959316],[-88.9065377515904,28.9329487618957],[-88.9073029194815,28.9235246289782],[-88.9116388699656,28.9295830991037],[-88.912914149784,28.93564121203],[-88.9172501011664,28.934070624684],[-88.9231163874326,28.9408015440424],[-88.9231163874326,28.934519366242],[-88.9269422268877,28.9329487618957],[-88.9340837938706,28.9374361394035],[-88.9371444645364,28.9468589949001],[-88.9391849122458,28.9443911873613],[-88.9437759195919,28.9493267420784],[-88.9445410874829,28.9457372713453],[-88.9506624297128,28.9479807055224],[-88.9511725416401,28.9430450858875],[-88.9562736609136,28.9506727611427],[-88.9703017380174,28.9385579536182],[-88.9738725215089,28.9414746123257],[-88.9746376893999,28.9495510796728],[-88.9593343324777,28.9598700853117],[-88.9458163673013,28.9670479109188],[-88.935359073689,28.9571782711261],[-88.9312781782702,28.94999975419],[-88.9254118911057,28.9502240903268],[-88.9215860525489,28.952916086854],[-88.9154647094207,28.9491024039981],[-88.9113838140019,28.9538134032187],[-88.9057725836994,28.9542620592714],[-88.9103635901472,28.948205046032],[-88.9088332552635,28.9360899467878],[-88.9083231433361,28.9443911873613],[-88.90373213599,28.9517944304652],[-88.8991411286439,28.9576269118144],[-88.8948051781597,28.9526917565481],[-88.8897040588862,28.9473076802922],[-88.8838377726201,28.9524674257562],[-88.8820523808743,28.9603187135505],[-88.8784815973829,28.9648048945188],[-88.8723602542547,28.9560566609009],[-88.8657288000975,28.9609916534428],[-88.8619029606424,28.9672722093353],[-88.8820523808743,28.9659264084015],[-88.905262471772,28.9625618287286],[-88.9277073947787,28.9587485042448],[-88.9269422268877,28.9634590607199],[-88.8971006809345,28.9679451032404],[-88.8766962056372,28.9690665838844],[-88.859097345042,28.9708609257521],[-88.8560366743762,28.9740009499453],[-88.8649636322065,28.9789350783569],[-88.8644535202791,28.9840932310493],[-88.8647085762428,28.9903723707189],[-88.8603726248603,28.9899238735543],[-88.8570568982309,28.9948572353724],[-88.8608827367877,28.9991176742404],[-88.8576520285134,29.0009264384234],[-88.8569718789775,29.0069055966509],[-88.858332177151,29.0125854732754],[-88.8501703872117,29.0092971616655],[-88.8494902376758,29.0131833366549],[-88.8518707606023,29.0212541500853],[-88.8440490449818,29.0197596031082],[-88.8474497908647,29.0335086121887],[-88.8508505367476,29.0260365541238],[-88.8549314312681,29.0260365541238],[-88.858332177151,29.0221508682042],[-88.8630932221056,29.0167704434865],[-88.8668340423073,29.0116886713261],[-88.8695546395526,29.0143790530341],[-88.8722752358996,29.0098950440738],[-88.8821373992295,29.0054108397211],[-88.8749958331449,29.0167704434865],[-88.8644535202791,29.0233464792033],[-88.8590123266869,29.0329108672571],[-88.8477898651835,29.042175514484],[-88.84642956701,29.0580131264478],[-88.8471097156476,29.0795244363899],[-88.8474497908647,29.0908757984036],[-88.8423486715912,29.0932653977622],[-88.8413284477365,29.1028232359162],[-88.8457494174741,29.1117828942758],[-88.849150163357,29.1117828942758],[-88.8535711330946,29.1079004723172],[-88.8627531468885,29.1031219038144],[-88.8777164294919,29.1013298826405],[-88.8811171753748,29.103420570846],[-88.8715950863637,29.1105883188079],[-88.8545913569493,29.1132760943033],[-88.8467696413288,29.1222348330727],[-88.84268874591,29.1285054818551],[-88.8389479257083,29.1410456196041],[-88.8406482982006,29.1488077870429],[-88.8375876275348,29.155673826627],[-88.8365674036801,29.1643303452662],[-88.8324865082614,29.1747768867347],[-88.8324865082614,29.1902954778449],[-88.836227328463,29.1968603220771],[-88.8420085972724,29.2007393484131],[-88.8386078513896,29.2031263680498],[-88.8280655385238,29.1929811474144],[-88.8280655385238,29.1864160524967],[-88.8280655385238,29.1780598630693],[-88.8280655385238,29.1714938038053],[-88.8314662844067,29.1634348778017],[-88.8328265825802,29.149404852557],[-88.8301059862332,29.1401499467753],[-88.8287456880597,29.1302970242126],[-88.8290857623785,29.1261167085834],[-88.8127621816016,29.1368657449778],[-88.8093614357188,29.1356714639738],[-88.8263651660315,29.1216376089332],[-88.8382677761724,29.117158311069],[-88.839968149563,29.1120815361719],[-88.8389479257083,29.1049138930039],[-88.8301059862332,29.0950575608896],[-88.8233044944674,29.0884861428085],[-88.8192235990486,29.1019272262367],[-88.8144625549922,29.1108869641713],[-88.8171831513392,29.1222348330727],[-88.8103816595735,29.126415308081],[-88.8049404659812,29.1359700357219],[-88.8011996457795,29.1395528266963],[-88.7950783026513,29.1428369410581],[-88.7977988998966,29.1460512899505],[-88.7837424827423,29.1548081340794],[-88.7674189028638,29.1743093020099],[-88.7651517383429,29.1918173664779],[-88.760617411098,29.2037529514253],[-88.7520021875359,29.2045486071605],[-88.7415732330759,29.2121070262368],[-88.7343183085856,29.21568713341],[-88.7288771149933,29.22205145566],[-88.7347717413101,29.2204604129507],[-88.7429335321477,29.2192671139165],[-88.7520021875359,29.2192671139165],[-88.7529090529849,29.2240402250762],[-88.7406663676269,29.2276199105129],[-88.7474678593926,29.2300062976931],[-88.7538159184339,29.2308017472048],[-88.7610708438225,29.2347789028499],[-88.7669654701393,29.235574315282],[-88.773766961905,29.2300062976931],[-88.7792081554973,29.2188693447441],[-88.7832890500178,29.2109136291196],[-88.7832890500178,29.2017637850671],[-88.7887302436101,29.1910216103686],[-88.7941714372023,29.1806762198931],[-88.7946248699268,29.1727175104221],[-88.8032400934889,29.1651561589314],[-88.7996126307946,29.1595842765153],[-88.8123087488771,29.1560021903159],[-88.8095881525302,29.1683399542984],[-88.8046003916624,29.1830637112654],[-88.7968920344476,29.1985810370398],[-88.7889569604215,29.2173652646778],[-88.7856412328937,29.2256436411279],[-88.7744187713903,29.2363821491806],[-88.7603906942866,29.2415272817528],[-88.7471277850738,29.2475668852535],[-88.7366704914615,29.2536061291401],[-88.7295289244786,29.2538297982833],[-88.7254480299582,29.2589740441865],[-88.7259581418855,29.2632234410531],[-88.7188165749026,29.2636707360031],[-88.7177963510479,29.2712744413651],[-88.7106547849634,29.2719453290467],[-88.7024929941258,29.276865036714],[-88.6989222115327,29.2824553231156],[-88.6930559243682,29.2829025323454],[-88.6854042463563,29.2835733436952],[-88.6876997500293,29.2887160773321],[-88.6905053647314,29.2940821292212],[-88.6882098610583,29.2978829106575],[-88.6838739105742,29.2916227238005],[-88.6764772876277,29.289163259156],[-88.676222231664,29.2965414746315],[-88.6731615609982,29.2974357670124],[-88.6698458334704,29.3001185971612],[-88.6708660573251,29.306601809768],[-88.6665301059427,29.3072724631098],[-88.6598986517855,29.3025777963998],[-88.655562700403,29.29877719129],[-88.6553076444393,29.3128610688039],[-88.6568379802214,29.3256019322672],[-88.6591334838944,29.3456934663116],[-88.666275049979,29.3559723482926],[-88.6690806655794,29.3673672744971],[-88.6729065050345,29.380994809233],[-88.6757121197366,29.395513923995],[-88.6726514490709,29.4089143259616],[-88.6759671757003,29.409584298953],[-88.6795379591917,29.4069043789266],[-88.6803031270828,29.4113708727899],[-88.6759671757003,29.4223129427643],[-88.6736716729256,29.43079781031],[-88.6711211132888,29.4421842707608],[-88.6695907775068,29.4520068468221],[-88.6634694343786,29.4622748768212],[-88.6598986517855,29.4705331828772],[-88.6596435958218,29.4781212968826],[-88.6698458334704,29.4796834846336],[-88.6772424555187,29.4843699018517],[-88.6721413371435,29.491510687196],[-88.6672952738337,29.4874940575116],[-88.6606638196765,29.4845930591335],[-88.6522469728752,29.4814688124683],[-88.6489312462458,29.4743273116594],[-88.6553076444393,29.4624980835261],[-88.6609188756402,29.4522300761202],[-88.6644896582333,29.4392819627567],[-88.6598986517855,29.4201916141584],[-88.6624492105239,29.4137157018742],[-88.6632143784149,29.3938387486946],[-88.6632143784149,29.3822234312177],[-88.6598986517855,29.3752982771257],[-88.6616840435312,29.3723940392311],[-88.6591334838944,29.3585419051856],[-88.6519919169116,29.3511682187371],[-88.6466357425727,29.344464399606],[-88.6461256306454,29.3391010234902],[-88.6436317502115,29.332582648454],[-88.6332027957514,29.3047661836573],[-88.6205066776689,29.2817124538504],[-88.6014625005451,29.2868801265365],[-88.5860457852172,29.2960222846304],[-88.5806045916249,29.3003943289246],[-88.5715359362367,29.3027790001697],[-88.5579329518068,29.3035738782067],[-88.5475039982451,29.2995994261318],[-88.5302735520193,29.2912525661339],[-88.5171240012122,29.2821099764139],[-88.5066950467522,29.2514961629376],[-88.5148568366914,29.2308166621328],[-88.5193911648347,29.2180887177631],[-88.5252857911515,29.1989938053122],[-88.5289132529475,29.1779056650486],[-88.5252857911515,29.1659670408067],[-88.5316338501928,29.1536289893349],[-88.5393422074075,29.1404932889359],[-88.5515848927656,29.1297446357853],[-88.5719893689612,29.1197911668883],[-88.5878595161152,29.1142167984717],[-88.6014625005451,29.1038635923665],[-88.6146120513521,29.0911197392456],[-88.6155189168011,29.0811624962375],[-88.6046365296165,29.0863403839276],[-88.5860457852172,29.0962971216457],[-88.5629207126746,29.1158095067703],[-88.5461436991733,29.1293465155587],[-88.5280063874985,29.1460662172077],[-88.5139499712424,29.1639771337884],[-88.5035210167824,29.1667629928146],[-88.4876508696284,29.1759159918271],[-88.4767684824438,29.1790994503065],[-88.470873856127,29.1910365310878],[-88.4645257970858,29.1834765427806],[-88.4568174389727,29.1755180528671],[-88.4418541572677,29.188649226845],[-88.4164619211026,29.2113263469465],[-88.3951505794579,29.231612105349],[-88.3806407304774,29.2399638848176],[-88.3724789396398,29.2423102132519],[-88.3597828215573,29.2518540404],[-88.3475401361993,29.2649753334651],[-88.3389249126372,29.2788899981599],[-88.3325768535959,29.2868403759708],[-88.3298562572489,29.2991622266444],[-88.3244150636566,29.3094955236649],[-88.3248684963811,29.3166487253758],[-88.3153464082684,29.3166487253758],[-88.3153464082684,29.320622507299],[-88.3121723782986,29.3249934869129],[-88.3067311847063,29.3222119768855],[-88.3094517819516,29.3321455918388],[-88.303103722012,29.3333375595148],[-88.3040105883593,29.3436673602148],[-88.2858732766845,29.3329402387654],[-88.2849664103372,29.344859192393],[-88.2822458139902,29.3424755140989],[-88.2795252167449,29.344859192393],[-88.2804320830923,29.3607489404662],[-88.2695496959077,29.3615433620288],[-88.2618413386929,29.3651181823735],[-88.2536795478554,29.3651181823735],[-88.2495986524366,29.3623377773945],[-88.2418902952218,29.366309760485],[-88.232368207109,29.3587628586668],[-88.2214858199245,29.3631321865633],[-88.2164980590567,29.3686928756581],[-88.2096965672909,29.3686928756581],[-88.2051622391477,29.3682956935389],[-88.2028950755252,29.3639265895352],[-88.1970004492084,29.3639265895352],[-88.1970004492084,29.3563795095438],[-88.1874783601973,29.3631321865633],[-88.1870249274728,29.3555850469218],[-88.1833974647786,29.3607489404662],[-88.1788631375336,29.3567767381398],[-88.168887615798,29.3603517273613],[-88.157551795889,29.3655153768875],[-88.1430419469084,29.3655153768875],[-88.1294389624786,29.3710759342691],[-88.1122085162527,29.3746504160274],[-88.0986055327212,29.3829903811417],[-88.0904941238963,29.3859952469347],[-88.0827857666816,29.3887749987159],[-88.0723568122215,29.3899662975451],[-88.0641950222823,29.3887749987159],[-88.0601141268635,29.3891721001366],[-88.063288155935,29.4066430004801],[-88.0705430813235,29.4292712488867],[-88.0782514385383,29.4475289297382],[-88.0868666612021,29.4586406770649],[-88.0954818847641,29.4673704721819],[-88.1072711373977,29.4753059917731],[-88.111805465541,29.4693544114803],[-88.1208741209292,29.46697368029],[-88.1344771044608,29.4753059917731],[-88.1403717307775,29.4899850478288],[-88.1494403870641,29.5082316907012],[-88.1625899378711,29.5141809640159],[-88.1716585941577,29.5137843569861],[-88.1802738168215,29.5125945257903],[-88.1916096367305,29.5106114424551],[-88.2052126202621,29.5106114424551],[-88.2074797847828,29.5106114424551],[-88.2156415747221,29.5185435403311],[-88.2179087383446,29.5244922020321],[-88.231965155499,29.5506621151586],[-88.2292445582537,29.5530408594354],[-88.2274308273557,29.5629516821908],[-88.2292445582537,29.5692940940871],[-88.2224430664879,29.5756361029817],[-88.2165484401711,29.578410605681],[-88.2151881419976,29.5827703824191],[-88.2106538138543,29.5863373307028],[-88.2029454566396,29.5859410098622],[-88.193876800353,29.585544686684],[-88.1884356067607,29.589904152132],[-88.1848081449648,29.589904152132],[-88.1857150104137,29.5859410098622],[-88.1834478467913,29.5823740467898],[-88.182540980444,29.5863373307028],[-88.179820384097,29.5883189139022],[-88.1739257577802,29.5887152261851],[-88.1657639678409,29.5887152261851],[-88.1508006852376,29.5883189139022],[-88.1521609834111,29.5819777096041],[-88.1557884461054,29.5780142529327],[-88.1489869543396,29.5764288255962],[-88.140825163502,29.5740506382982],[-88.1344771044608,29.5712760149985],[-88.128582478144,29.5677085290389],[-88.1308496426648,29.5653301340096],[-88.1376511344306,29.5637445059471],[-88.1489869543396,29.5633480948469],[-88.1539747152074,29.5629516821908],[-88.1521609834111,29.5609695963565],[-88.1344771044608,29.5609695963565],[-88.1163397927859,29.5593838990622],[-88.0995645507623,29.5573545108707],[-88.0939692610646,29.5577308140858],[-88.0878000952239,29.5544694719507],[-88.07761379818,29.5544694719507],[-88.0708707570948,29.5544694719507],[-88.0664232187844,29.5544694719507],[-88.065275467397,29.5515843498737],[-88.0625495566168,29.5494518149212],[-88.0578469623427,29.5455736440239],[-88.0408432329283,29.5324888774489],[-88.0241795778326,29.5214844539717],[-88.0119368924746,29.5164279630461],[-88.0068357732011,29.5128585207307],[-88.0041151768541,29.5161305139371],[-88.0024148034635,29.5134534365253],[-88.0007144309712,29.5119661400916],[-87.9959533869149,29.5054217747588],[-87.9962934612337,29.5009594627679],[-87.9956133116978,29.497686973735],[-87.9928927153508,29.4941168643898],[-87.9908522676414,29.4908441527036],[-87.9932327896696,29.4887614620926],[-87.9993541327977,29.4938193497279],[-87.9986739832618,29.4884639317026],[-87.9979938337259,29.4860836540006],[-87.9949331630602,29.4780497996517],[-87.9942530135243,29.4729911170431],[-87.992552641032,29.468824951381],[-87.9884717456132,29.4637658037892],[-87.9871114474397,29.4622777707573],[-87.9881316712944,29.4581111602494],[-87.982350402485,29.455432533877],[-87.9765691345739,29.4515632809942],[-87.9735084630099,29.4468009189443],[-87.9670470455629,29.4420383302828],[-87.9602455537971,29.4393592757145],[-87.9514036143219,29.4393592757145],[-87.9435818987015,29.4402523020205],[-87.9384807803263,29.443526663294],[-87.9353361396394,29.4466006442458],[-87.9493085867725,29.4522449125306],[-87.9213636925062,29.4663541935805],[-87.9030920296958,29.4682352817762],[-87.8966432075274,29.47669974016],[-87.8858951714784,29.4908055850521],[-87.8772967419206,29.4992681397115],[-87.8643990984822,29.4992681397115],[-87.8515014541454,29.5020888320553],[-87.8515014541454,29.5114905684846],[-87.8536510615349,29.5237115067498],[-87.849351846756,29.5265315109668],[-87.8321549885386,29.5199513765083],[-87.8181825405071,29.5180712585968],[-87.8031352896792,29.5143109171989],[-87.7945368601214,29.5049094458294],[-87.7816392166829,29.5049094458294],[-87.7762651982093,29.495507092029],[-87.7569187326025,29.4823423163929],[-87.7397218734868,29.4785806340683],[-87.7284364355905,29.4848108430009],[-87.7131204833897,29.4841055558202],[-87.6986106344092,29.4890424629962],[-87.6808763734462,29.492568675642],[-87.6647543189236,29.5024414128785],[-87.652662777807,29.5130182666707],[-87.6405712366905,29.5130182666707],[-87.6236430789476,29.5094927730847],[-87.6317041066581,29.5172486956352],[-87.6437956477747,29.5186587995875],[-87.6478261611807,29.5271190020487],[-87.6405712366905,29.5278239865306],[-87.6196125655415,29.5242990142084],[-87.5962355856304,29.5214789461987],[-87.587368455598,29.5221839707655],[-87.5760830168033,29.5221839707655],[-87.564797578907,29.5214789461987],[-87.5510938322483,29.5165436366817],[-87.5430328045379,29.5109029858791],[-87.5357778800476,29.5073774170581],[-87.5236863389311,29.4982103588499],[-87.5164314144408,29.4982103588499],[-87.5019215645619,29.4883372052698],[-87.4986971534777,29.4982103588499],[-87.4930544345296,29.4932739039116],[-87.4882178179033,29.4826949667327],[-87.4882178179033,29.4657663468032],[-87.4857995100393,29.4516569824188],[-87.4777384823289,29.4417792483168],[-87.4688713522965,29.412140219711],[-87.4511370922318,29.3881403229479],[-87.4430760645213,29.3775503146872],[-87.435821140031,29.3740200641582],[-87.4253418044566,29.3669591926652],[-87.41325026334,29.3606039854176],[-87.4027709268673,29.3606039854176],[-87.3890671802086,29.3514235344374],[-87.3745573312281,29.3422422475593],[-87.3673024067378,29.3394170675721],[-87.3616596868913,29.3443610797901],[-87.3463437355889,29.338710760536],[-87.3415071189626,29.3429485301249],[-87.3656902011957,29.3521297525884],[-87.3656902011957,29.3606039854176],[-87.3697207146018,29.3831984577098],[-87.3648840979755,29.3831984577098],[-87.3608535845695,29.3591916624982],[-87.3560169679432,29.3542483776694],[-87.3374766046583,29.3471861211696],[-87.3181301390514,29.3457736106605],[-87.2971714679025,29.3542483776694],[-87.3108752145612,29.357073141791],[-87.3286094746259,29.3711957747967],[-87.3439254268266,29.3824924573672],[-87.3560169679432,29.3987292179862],[-87.3640779956536,29.4149633606579],[-87.3640779956536,29.4283721984907],[-87.3616596868913,29.4424848330251],[-87.3673024067378,29.4608282949671],[-87.370526817822,29.4544790140097],[-87.3745573312281,29.4664717631527],[-87.3697207146018,29.4742310136466],[-87.3640779956536,29.4834002637308],[-87.3640779956536,29.5066722885601],[-87.3632718924334,29.5207739167191],[-87.3560169679432,29.505967155151],[-87.3495681457748,29.5242990142084],[-87.3495681457748,29.5369883353206],[-87.3560169679432,29.5468566960365],[-87.347955941131,29.5517905116248],[-87.3407010157424,29.5630668900503],[-87.3253850635417,29.5701139811471],[-87.3165179335094,29.5757512963712],[-87.305232495613,29.5842066723821],[-87.2947531600385,29.5863204047363],[-87.2842738235658,29.5863204047363],[-87.2746005912115,29.5884340920367],[-87.262509050095,29.5891386448919],[-87.2544480223845,29.5954793945167],[-87.2407442757259,29.5975928883844],[-87.2302649401514,29.5891386448919],[-87.2302649401514,29.5785698339978],[-87.2334893512356,29.5687046025783],[-87.24396868681,29.5701139811471],[-87.2431625844882,29.5581336305238],[-87.2367137623198,29.5475615421392],[-87.2367137623198,29.5398079662505],[-87.2375198646417,29.5271190020487],[-87.2375198646417,29.5158385728161],[-87.239938173404,29.5080825406449],[-87.2318771456935,29.5031465716237],[-87.2213978101191,29.5024414128785],[-87.2044696523762,29.4932739039116]]]},"properties":{"objectid":236,"id":0,"area":17738.7219339,"Shape__Area":18263808885.138672,"Shape__Length":2613066.490116131}},{"type":"Feature","id":237,"geometry":{"type":"Polygon","coordinates":[[[-87.8758981907874,28.9666093498413],[-87.8721573705857,28.9564405710495],[-87.8789588623515,28.9540477710986],[-87.8830397577702,28.9570387622016],[-87.8758981907874,28.9666093498413]]]},"properties":{"objectid":237,"id":0,"area":0.97597325000000013,"Shape__Area":981008.703125,"Shape__Length":4221.99941001017}},{"type":"Feature","id":238,"geometry":{"type":"Polygon","coordinates":[[[-87.8796390118874,29.0021921252299],[-87.8820195339156,28.9923258717198],[-87.8891611000001,28.9920268797368],[-87.8826996834514,29.003089009601],[-87.8796390118874,29.0021921252299]]]},"properties":{"objectid":238,"id":0,"area":0.7710332,"Shape__Area":775008.37109375,"Shape__Length":4019.6314260507388}},{"type":"Feature","id":239,"geometry":{"type":"Polygon","coordinates":[[[-87.9333707973759,28.3011721089638],[-87.9082052780222,28.291841034903],[-87.9075251284863,28.2852184803744],[-87.9323505735212,28.2921420497808],[-87.9333707973759,28.3011721089638]]]},"properties":{"objectid":239,"id":0,"area":2.64200687,"Shape__Area":2655812.45703125,"Shape__Length":7926.417683869131}},{"type":"Feature","id":240,"geometry":{"type":"Polygon","coordinates":[[[-87.9139865459333,28.1820637148181],[-87.9058247550957,28.1769410006176],[-87.9119460982239,28.1769410006176],[-87.9173872918162,28.1796530568605],[-87.9139865459333,28.1820637148181]]]},"properties":{"objectid":240,"id":0,"area":0.37548457,"Shape__Area":377450.818359375,"Shape__Length":2978.4167976418248}},{"type":"Feature","id":241,"geometry":{"type":"Polygon","coordinates":[[[-87.8769184146421,28.1754342729019],[-87.8612749834011,28.1621741437674],[-87.8636555054293,28.1597630320605],[-87.8813393843796,28.1721193962693],[-87.8769184146421,28.1754342729019]]]},"properties":{"objectid":241,"id":0,"area":1.27621759,"Shape__Area":1282902.068359375,"Shape__Length":5977.44740822265}},{"type":"Feature","id":242,"geometry":{"type":"Polygon","coordinates":[[[-87.8809993100608,28.1540364236858],[-87.8697768485575,28.1483095058184],[-87.8687566247028,28.1431851590379],[-87.8837199064078,28.1504194592308],[-87.8809993100608,28.1540364236858]]]},"properties":{"objectid":242,"id":0,"area":0.87708609,"Shape__Area":881681.560546875,"Shape__Length":4547.8965141875751}},{"type":"Feature","id":243,"geometry":{"type":"Polygon","coordinates":[[[-87.8296480466005,28.1288055218472],[-87.8146847639971,28.1212682455886],[-87.8160450621706,28.1125243340017],[-87.8092435704049,28.1064936305444],[-87.8119641676502,28.1004625848726],[-87.799381407075,28.0926217123657],[-87.7721754400119,28.082970614167],[-87.7731956638666,28.076938232408],[-87.7925799153092,28.0811609355345],[-87.811624092433,28.0838754420468],[-87.8235267034723,28.0926217123657],[-87.8327087172663,28.1092074892975],[-87.8333888668021,28.1266951379497],[-87.8296480466005,28.1288055218472]]]},"properties":{"objectid":243,"id":0,"area":14.168809829999999,"Shape__Area":14243115.677734375,"Shape__Length":21800.274727835382}},{"type":"Feature","id":244,"geometry":{"type":"Polygon","coordinates":[[[-87.7881589455716,28.0751284513342],[-87.7731956638666,28.074223549759],[-87.7640136491744,28.0669840548241],[-87.7510908151787,28.0525035866429],[-87.7568720830898,28.0540120607681],[-87.7867986473982,28.0681906711889],[-87.7881589455716,28.0751284513342]]]},"properties":{"objectid":244,"id":0,"area":4.24426544,"Shape__Area":4266538.404296875,"Shape__Length":10706.061098218848}},{"type":"Feature","id":245,"geometry":{"type":"Polygon","coordinates":[[[-85.6449226946705,27.269120811367],[-85.6495801072791,27.2528198668049],[-85.6682097586117,27.2341902161188],[-85.6856750558938,27.2341902161188],[-85.6984829405674,27.2190536249832],[-85.7136195324435,27.1911091491783],[-85.7369065954863,27.1899447955525],[-85.7648510720361,27.1748082040344],[-85.7683441314925,27.146863727872],[-85.7927955476875,27.1410419622679],[-85.8347122620629,27.1456993747133],[-85.8661497980691,27.1783012636765],[-85.8626567386127,27.1852873825578],[-85.8451914404322,27.1841230296899],[-85.8230687305415,27.1736438512985],[-85.7881381350789,27.1748082040344],[-85.7858094287746,27.1922735018348],[-85.8219043773894,27.206245740142],[-85.8451914404322,27.2190536249832],[-85.8812863890469,27.2283684504087],[-85.9325179286395,27.2213823310834],[-85.9220387502702,27.2411763353185],[-85.9069021592924,27.2446693949997],[-85.9057378061402,27.2539842205724],[-85.9558049925807,27.2516555136268],[-85.9627911114935,27.2598059862478],[-85.9453258133131,27.2702851645255],[-85.8906012142641,27.2702851645255],[-85.8743002701341,27.2551485733316],[-85.8603280323084,27.2504911610389],[-85.8603280323084,27.2632990454924],[-85.8882725079598,27.2912435221487],[-85.9162169845095,27.2830930497497],[-85.9616267583414,27.2854217560469],[-86.0070365321732,27.2947365815703],[-86.0536106591572,27.2970652880053],[-86.0768977222,27.3133662317202],[-86.0605967780701,27.3238454106371],[-86.0338166546725,27.3098731726584],[-85.9779277024714,27.3063801129872],[-85.9022447466838,27.3017227004202],[-85.8696428575255,27.3017227004202],[-85.8370409683672,27.2423406887483],[-85.7753302504054,27.206245740142],[-85.7532075396163,27.2120675061923],[-85.7240987108128,27.2167249189305],[-85.7171125918999,27.2283684504087],[-85.7240987108128,27.2353545691509],[-85.7124551792914,27.2539842205724],[-85.6891681153502,27.2586416327383],[-85.6507444604312,27.2726138709799],[-85.6449226946705,27.269120811367]]]},"properties":{"objectid":245,"id":0,"area":0,"Shape__Area":227550132.65234375,"Shape__Length":178711.99750833071}},{"type":"Feature","id":246,"geometry":{"type":"Polygon","coordinates":[[[-86.1188144365755,27.0700164184371],[-86.2073052779349,27.0979608951523],[-86.2864812940772,27.1317271371592],[-86.3086040039679,27.143370668771],[-86.3423702462783,27.1934378551193],[-86.3784651948931,27.2143962121323],[-86.4238749678266,27.2632990454924],[-86.4774352146218,27.3098731726584],[-86.5065440434253,27.3576116525494],[-86.5240093416058,27.3983640136784],[-86.5193519280989,27.4146649585949],[-86.4844213335346,27.3785700100633],[-86.4541481506806,27.3471324739913],[-86.4133957894573,27.31802364486],[-86.3889443732623,27.3005583470759],[-86.3982591984795,27.2889148157642],[-86.4099027300009,27.2842574026136],[-86.3528494246476,27.2155605652248],[-86.2771664679618,27.1794656173663],[-86.2387428139411,27.160835966449],[-86.1979904527178,27.1666577323639],[-86.1595667977988,27.1480280816877],[-86.1525806788859,27.1585072602983],[-86.1665529167116,27.1596716134489],[-86.1572380914945,27.1724794984034],[-86.2399071670932,27.1946022082322],[-86.3400415399741,27.2295328036216],[-86.3796295480452,27.2795999897919],[-86.372643428234,27.2865861092505],[-86.3167544760329,27.2469981012338],[-86.2864812940772,27.2423406887483],[-86.2457289328539,27.2202179781275],[-86.1770320950809,27.2015883272572],[-86.1572380914945,27.2039170340562],[-86.1944973932614,27.2213823310834],[-86.2422358733975,27.2295328036216],[-86.3132614165765,27.2749425773463],[-86.3086040039679,27.2947365815703],[-86.3132614165765,27.311037525659],[-86.3342197742134,27.3261741167719],[-86.348192012039,27.3226810571885],[-86.3272336544022,27.312201879212],[-86.3318910679091,27.2970652880053],[-86.3505207183433,27.3052157598088],[-86.3807939011974,27.3378176487648],[-86.4064096705445,27.3704195376198],[-86.4064096705445,27.3867204819327],[-86.3691503687776,27.3797343632612],[-86.3598355435605,27.3971996604105],[-86.3807939011974,27.3971996604105],[-86.4017522579359,27.4193223705634],[-86.419217555218,27.4181580180407],[-86.4425046191592,27.4298015497701],[-86.457641210137,27.4577460256377],[-86.4739421551653,27.474046969776],[-86.4681203885063,27.4868548548084],[-86.449490738072,27.4880192082569],[-86.4436689723113,27.4926766208572],[-86.4599699164413,27.521785450265],[-86.4692847416585,27.5206210971314],[-86.4762708614696,27.5287715690466],[-86.4727778020132,27.538086394623],[-86.4634629758978,27.5357576883602],[-86.4832569803825,27.5648665174928],[-86.4785995677739,27.5497299263485],[-86.487914392991,27.5392507475689],[-86.4960648650561,27.5578803984856],[-86.487914392991,27.5788387560492],[-86.5007222776646,27.5904822874083],[-86.5030509839689,27.6079475849783],[-86.5484607578008,27.7465056130815],[-86.5379815794315,27.7581491446316],[-86.5077083965775,27.6743157157506],[-86.4751065083175,27.6056188786474],[-86.4553125038327,27.5497299263485],[-86.4320254407899,27.510141918721],[-86.4203819083702,27.474046969776],[-86.4343541470942,27.4624034387313],[-86.4017522579359,27.4402807277043],[-86.3412058931262,27.4076788392928],[-86.3214118886415,27.3902135417015],[-86.32606930125,27.3680908311536],[-86.3144257697286,27.3331602362064],[-86.2992891787508,27.3040514063883],[-86.2748377616575,27.2842574026136],[-86.2387428139411,27.2714495174639],[-86.2049765716306,27.2388476286529],[-86.1502519725816,27.2260397442014],[-86.1188144365755,27.2074100929157],[-86.0815551348086,27.2109031525473],[-86.0955273735326,27.23069715664],[-86.1584024446466,27.2516555136268],[-86.2096339842392,27.269120811367],[-86.2294279878256,27.2819286966577],[-86.2073052779349,27.2842574026136],[-86.1572380914945,27.2609703395439],[-86.1118283176626,27.2516555136268],[-86.0710759564393,27.2341902161188],[-86.0489532465487,27.2085744463077],[-86.0338166546725,27.1992596213488],[-86.0116939447818,27.2167249189305],[-86.0268305357596,27.2190536249832],[-86.0140226510861,27.2260397442014],[-86.0245018294553,27.2365189227835],[-86.0279948889118,27.2469981012338],[-86.0140226510861,27.2586416327383],[-85.9907355871449,27.2493268074448],[-85.9907355871449,27.2330258628893],[-85.9814207619278,27.2190536249832],[-85.9639554646456,27.217889271651],[-85.9429971070088,27.2074100929157],[-85.9232031034224,27.2074100929157],[-85.8999160403795,27.1969309147388],[-85.9150526313574,27.1806299700941],[-85.9418327538566,27.1666577323639],[-85.9546406394285,27.1759725574094],[-85.9418327538566,27.1887804425563],[-85.9511475799721,27.1980952681311],[-85.9616267583414,27.1887804425563],[-85.9639554646456,27.1759725574094],[-85.9732702898628,27.1713151445506],[-86.0279948889118,27.1678220852451],[-86.0408027735853,27.1654933793279],[-86.0524463060051,27.146863727872],[-86.0675828969829,27.1352201963926],[-86.0862125474172,27.1352201963926],[-86.0885412537215,27.1270697245899],[-86.115321377119,27.1247410175225],[-86.1584024446466,27.1328914903709],[-86.1677172698638,27.1247410175225],[-86.1421015005166,27.1154261921667],[-86.1025134924455,27.1014539547251],[-86.0722403095915,27.1002896013805],[-86.0722403095915,27.0909747762102],[-86.1176500834233,27.0967965414705],[-86.1921686869571,27.1200836050497],[-86.1258005554883,27.0828243032397],[-86.1164857302712,27.080495597003],[-86.1188144365755,27.0700164184371]]]},"properties":{"objectid":246,"id":0,"area":0,"Shape__Area":883630513.77734375,"Shape__Length":556644.79490157054}},{"type":"Feature","id":247,"geometry":{"type":"Polygon","coordinates":[[[-86.4541481506806,27.6717541388853],[-86.4646273290499,27.6566175477205],[-86.504215337121,27.6868907302467],[-86.512365809186,27.7020273217581],[-86.4914074524475,27.7357935632321],[-86.4355185002463,27.7765459243906],[-86.4145601426095,27.8009973412076],[-86.3947661390231,27.7928468688479],[-86.3807939011974,27.7951755758475],[-86.3540137777998,27.8324348770407],[-86.2876456472294,27.8755159441394],[-86.2282636346735,27.8894881826734],[-86.1490876194295,27.929076190365],[-86.0978560798369,27.9232544245788],[-86.0862125474172,27.9605137260565],[-86.0990204329891,28.0035947932825],[-86.0862125474172,28.045511507786],[-86.0710759564393,28.0722916306513],[-86.0431314807879,28.0734559841548],[-86.0058721790211,28.0792777502071],[-85.9709415835585,28.0583193929177],[-85.9173813376616,28.0583193929177],[-85.903409099836,28.0629768057342],[-85.8521775602434,28.0629768057342],[-85.8172469647808,28.0827708095906],[-85.8125895521722,28.0979074010417],[-85.8242330836936,28.1048935195433],[-85.8556706196998,28.1822065703545],[-85.8393696746715,28.2008362210922],[-85.8021103729046,28.1542620945861],[-85.7904668413832,28.1880283360517],[-85.7648510720361,28.1950144554168],[-85.7427283612471,28.176384804439],[-85.7648510720361,28.1717273917712],[-85.7462214207035,28.1391255033617],[-85.6961542342631,28.1170027927205],[-85.6612236396988,28.0960444357893],[-85.6391009289098,28.0867296102927],[-85.6391009289098,28.0587851344022],[-85.6239643379319,28.0378267769437],[-85.6099920992079,28.0308406576127],[-85.6053346865993,28.040155483018],[-85.6216356316277,28.0564564274119],[-85.5960198613822,28.0517990151049],[-85.5832119767087,28.0436485431499],[-85.5738971514915,28.054127721506],[-85.5901980956215,28.0750860783074],[-85.6262930442362,28.0704286655885],[-85.6321148099969,28.0867296102927],[-85.6227999847798,28.0925513763484],[-85.6402652820619,28.0983731420564],[-85.6414296352141,28.1088523204525],[-85.6798532901331,28.1274819715843],[-85.6903324685024,28.1507690346882],[-85.7147838855957,28.1635769197557],[-85.7159482387478,28.1856996302802],[-85.6786889369809,28.1554264479053],[-85.6565662261919,28.1333037371851],[-85.6297861036927,28.1204958523305],[-85.6204712784755,28.1449472692276],[-85.5797189172522,28.125153265051],[-85.5133507857835,28.1007018485063],[-85.5261586713554,28.09488008233],[-85.5529387938547,28.105359261138],[-85.5750615046437,28.1065236142027],[-85.6064990397515,28.1286463244954],[-85.6076633929036,28.1204958523305],[-85.5867050361651,28.1065236142027],[-85.6018416271429,28.0995374948626],[-85.5622536190718,28.0680999596091],[-85.5482813812461,28.0739217250345],[-85.5191725524425,28.0378267769437],[-85.4958854885014,28.0424841894262],[-85.4656123056474,28.0308406576127],[-85.4714340723064,28.0448128961621],[-85.4807488975235,28.0506346616214],[-85.4830776038278,28.0622781934393],[-85.5261586713554,28.0680999596091],[-85.5378022028768,28.0774147850347],[-85.5680753857308,28.0809078447759],[-85.5657466794265,28.0913870230353],[-85.5459526749418,28.0913870230353],[-85.5168438461382,28.0878939634003],[-85.4993785479578,28.0972087885034],[-85.4877350164364,28.0878939634003],[-85.4679410119516,28.0890583165605],[-85.4644479524952,28.0750860783074],[-85.4458183020609,28.0611138400925],[-85.4120520597505,28.0622781934393],[-85.3887649967077,28.0692643125665],[-85.3945867624684,28.0797434912066],[-85.4155451192069,28.0809078447759],[-85.4365034768438,28.0739217250345],[-85.4574618335824,28.0774147850347],[-85.4586261867345,28.0878939634003],[-85.4225312390181,28.0913870230353],[-85.4132164129026,28.0995374948626],[-85.3852719372512,28.0972087885034],[-85.3549987543972,28.0902226697724],[-85.3386978102672,28.0844009042379],[-85.3177394526304,28.0902226697724],[-85.3014385085004,28.0809078447759],[-85.2362347310821,28.0634425468551],[-85.1687022464613,28.0261832454479],[-85.1628804807005,28.0145397136876],[-85.1908249572503,28.0238545391246],[-85.2455495562993,28.0389911303352],[-85.2653435598857,28.0320050112759],[-85.2944523895875,28.0459772492546],[-85.3328760445065,28.0529633678715],[-85.3235612183911,28.0366624236372],[-85.3107533337175,28.0366624236372],[-85.2828088580661,28.0238545391246],[-85.2676722661899,28.0110466540936],[-85.2502069689078,27.9982387687535],[-85.2502069689078,27.990088296752],[-85.2676722661899,27.987759590591],[-85.2653435598857,27.9470072292658],[-85.2280842581188,27.9283775786765],[-85.1931536635545,27.9132409870378],[-85.1605517743962,27.9062548686715],[-85.1395934176577,27.8922826298326],[-85.1326072978465,27.8771460385897],[-85.0930192906737,27.8620094475107],[-85.0476095168418,27.8340649711236],[-85.0511025762982,27.8212570863961],[-85.0906905843694,27.8445441500943],[-85.1326072978465,27.8538589757546],[-85.1454151834184,27.8515302690936],[-85.188496250946,27.874817332777],[-85.2024684887717,27.874817332777],[-85.2234268455102,27.8620094475107],[-85.1954823698588,27.8468728566546],[-85.1850031914895,27.836393677829],[-85.1943180167067,27.8282432057829],[-85.2141120202931,27.8282432057829],[-85.2024684887717,27.8154353205945],[-85.2117833139888,27.814270967164],[-85.2269199049666,27.8189283798719],[-85.2082902545324,27.804956142483],[-85.1803457779827,27.7979700229166],[-85.1395934176577,27.7921482575097],[-85.141922123962,27.7828334319043],[-85.133771651897,27.7746829592868],[-85.1046628221951,27.7700255468469],[-85.0755539924932,27.758382015234],[-85.0802114051018,27.7502315427217],[-85.0662391672761,27.7327662457619],[-85.0639104609718,27.708314829048],[-85.0743896393411,27.6966712972208],[-85.0906905843694,27.7409167173545],[-85.1232924726294,27.758382015234],[-85.1547300086355,27.7618750749052],[-85.1791814248305,27.7711898997704],[-85.2059615482281,27.7711898997704],[-85.1314429446944,27.7444097767997],[-85.1081558816515,27.7385880113803],[-85.0930192906737,27.7269444792427],[-85.0906905843694,27.7187940076427],[-85.1291142383901,27.7316018922091],[-85.2001397824674,27.7572176620104],[-85.2548643815164,27.7816690788263],[-85.2653435598857,27.7723542529512],[-85.3049315679568,27.758382015234],[-85.3456839291801,27.756053309053],[-85.2828088580661,27.7432454236408],[-85.2548643815164,27.736259304929],[-85.2141120202931,27.7350949513275],[-85.204797195076,27.7257801263161],[-85.23507037793,27.7199583604294],[-85.2560287346685,27.7234514197328],[-85.2921236832833,27.7211227135063],[-85.328218631898,27.7257801263161],[-85.3724640516794,27.7304375389391],[-85.3561631075494,27.7164653005574],[-85.328218631898,27.710643535193],[-85.3177394526304,27.6943425903584],[-85.3142463931739,27.6745485864342],[-85.3526700480929,27.6826990586626],[-85.3876006435555,27.6955069440343],[-85.4015728813812,27.6978356499171],[-85.382943230947,27.6803703528885],[-85.3596561670058,27.6757129395664],[-85.3212325120868,27.6687268208069],[-85.3247255715432,27.6629050553043],[-85.3666422859187,27.6675624680117],[-85.4004085282291,27.6768772930174],[-85.4225312390181,27.7001643562226],[-85.4516400678217,27.708314829048],[-85.4807488975235,27.7118078883125],[-85.4970498416535,27.7059861225035],[-85.4632835993431,27.6955069440343],[-85.4632835993431,27.6896851779344],[-85.4411608894524,27.6780416459907],[-85.421366885866,27.6629050553043],[-85.3712996985272,27.6605763485226],[-85.3410265165715,27.6512615234544],[-85.3049315679568,27.6500971700277],[-85.2443852031471,27.6268101068307],[-85.289794976979,27.6268101068307],[-85.3165750994782,27.62331704691],[-85.3433552228758,27.62331704691],[-85.3689709922229,27.6081804560733],[-85.399244175077,27.6105091620874],[-85.4434895957567,27.6221526937763],[-85.4295173579309,27.607016102813],[-85.3980798219248,27.5953725711865],[-85.3619848733101,27.5895508048847],[-85.3130820400218,27.5767429202246],[-85.2956167427397,27.580235979185],[-85.2781514454575,27.5592776224942],[-85.2909593301311,27.5546202100688],[-85.3293829850501,27.5627706815676],[-85.4167094723591,27.5883864519474],[-85.4027372345334,27.5744142135072],[-85.4190381786634,27.5650993885123],[-85.4353391236917,27.5685924478692],[-85.4236955921702,27.5767429202246],[-85.4353391236917,27.5872220985888],[-85.4644479524952,27.5918795110845],[-85.4528044209738,27.5767429202246],[-85.4586261867345,27.5616063286818],[-85.4330104173874,27.5557845629804],[-85.4155451192069,27.5429766781935],[-85.3887649967077,27.5394836187485],[-85.3538344012451,27.5371549118265],[-85.3410265165715,27.5255113802909],[-85.3549987543972,27.5220183210056],[-85.3887649967077,27.5278400869649],[-85.3876006435555,27.5208539679477],[-85.3969154687727,27.5173609080992],[-85.3887649967077,27.499895610242],[-85.3980798219248,27.4952381978408],[-85.399244175077,27.4859233724301],[-85.4132164129026,27.4835946662842],[-85.4411608894524,27.4870877253674],[-85.4155451192069,27.4719511343022],[-85.4073946471419,27.453321483681],[-85.4190381786634,27.4509927773261],[-85.4388321831481,27.4731154874825],[-85.4644479524952,27.4859233724301],[-85.4993785479578,27.4801016063977],[-85.5145151389356,27.4754441935946],[-85.5296517308118,27.482430313077],[-85.5319804371161,27.5022243166447],[-85.4854063101321,27.511539142667],[-85.4958854885014,27.5220183210056],[-85.4854063101321,27.5336618529101],[-85.5005429011099,27.5348262057388],[-85.5133507857835,27.5196896145113],[-85.5319804371161,27.5173609080992],[-85.5447883217897,27.5173609080992],[-85.5412952623332,27.5301687929038],[-85.5261586713554,27.5371549118265],[-85.5529387938547,27.5464697372918],[-85.5494457343982,27.5616063286818],[-85.5319804371161,27.5616063286818],[-85.522665611899,27.5720855075287],[-85.5436239686375,27.5685924478692],[-85.5249943182032,27.5814003326675],[-85.5028716074142,27.5918795110845],[-85.5005429011099,27.584893392203],[-85.5156794920878,27.5662637417734],[-85.492392429045,27.5662637417734],[-85.4784201912192,27.5767429202246],[-85.4877350164364,27.5825646857331],[-85.4737627786107,27.6105091620874],[-85.4982141948057,27.6046873965859],[-85.5273230245075,27.5883864519474],[-85.5610892659196,27.5697568007025],[-85.5808832704044,27.5604419753916],[-85.6064990397515,27.5604419753916],[-85.6006772739908,27.5674280946272],[-85.5750615046437,27.5709211539226],[-85.5669110325787,27.5860577456059],[-85.5541031470068,27.5860577456059],[-85.5645823262744,27.5953725711865],[-85.530816083964,27.6128378687479],[-85.5680753857308,27.6151665744571],[-85.5797189172522,27.6035230428244],[-85.6018416271429,27.5953725711865],[-85.6076633929036,27.584893392203],[-85.6181425721712,27.5860577456059],[-85.6251286910841,27.5965369239686],[-85.6623879928509,27.5918795110845],[-85.6356078694534,27.6035230428244],[-85.6227999847798,27.6116735156357],[-85.5948555082301,27.6116735156357],[-85.5797189172522,27.6186596341093],[-85.5820476235565,27.6372892847278],[-85.6018416271429,27.6256457534379],[-85.6367722226055,27.6151665744571],[-85.6530731667355,27.6116735156357],[-85.6542375198876,27.6209883409958],[-85.6356078694534,27.6303031659234],[-85.6193069253234,27.6326318726648],[-85.6274573973884,27.6454397572932],[-85.6751958775245,27.6291388130741],[-85.6891681153502,27.6151665744571],[-85.7543718927685,27.6256457534379],[-85.7858094287746,27.6372892847278],[-85.8149182584765,27.6489328169362],[-85.8486844998886,27.6524258764198],[-85.8754646232862,27.6663981147448],[-85.8882725079598,27.6663981147448],[-85.9092308655967,27.658247642259],[-85.9243674565745,27.6617407017496],[-85.9651198177978,27.6861921184855],[-86.0256661826075,27.6838634124191],[-86.0128582979339,27.6663981147448],[-86.0058721790211,27.6477684633849],[-86.0186800636946,27.6535902297189],[-86.0373097141289,27.6442754039585],[-86.0571037186136,27.6547545825553],[-86.0477888933965,27.6687268208069],[-86.0466245402444,27.6768772930174],[-86.0780620753522,27.6780416459907],[-86.0955273735326,27.6675624680117],[-86.1176500834233,27.6663981147448],[-86.1421015005166,27.6896851779344],[-86.1642242104073,27.6943425903584],[-86.1630598572552,27.7118078883125],[-86.1362797338576,27.7071504752288],[-86.1479232662773,27.7257801263161],[-86.1816895076895,27.7374236580151],[-86.1886756275006,27.7537246023502],[-86.1665529167116,27.7770116658476],[-86.1944973932614,27.7944769635822],[-86.1584024446466,27.8107779082525],[-86.2131270436956,27.8026274360704],[-86.2340854013325,27.804956142483],[-86.2585368175275,27.8177640273465],[-86.2678516427446,27.8398867371163],[-86.2387428139411,27.8596807411976],[-86.2049765716306,27.8713242727088],[-86.2399071670932,27.8713242727088],[-86.2725090553532,27.8550233285971],[-86.2992891787508,27.8538589757546],[-86.3167544760329,27.8189283798719],[-86.3563424841041,27.8107779082525],[-86.3586711904083,27.7898195508229],[-86.3936017858709,27.7700255468469],[-86.4646273290499,27.7432454236408],[-86.4914074524475,27.6966712972208],[-86.4541481506806,27.6717541388853]]]},"properties":{"objectid":247,"id":0,"area":0,"Shape__Area":6222127936.9199219,"Shape__Length":1125925.8270716553}},{"type":"Feature","id":248,"geometry":{"type":"Polygon","coordinates":[[[-85.6434708473898,27.3628153050014],[-85.6178550771443,27.3581578925355],[-85.5677878907039,27.3581578925355],[-85.5526512997261,27.3476787137964],[-85.5328572952413,27.3302134161584],[-85.5410077673063,27.3243916502943],[-85.5677878907039,27.3430213015345],[-85.5829244816818,27.3430213015345],[-85.59922542671,27.3395282413377],[-85.5899106014929,27.3302134161584],[-85.5724453033125,27.3302134161584],[-85.5549800060303,27.3243916502943],[-85.5747740096168,27.3150768248174],[-85.5922393077972,27.3150768248174],[-85.6225124897529,27.3185698844585],[-85.6457995536941,27.3197342379701],[-85.63182731497,27.346514360933],[-85.6469639068462,27.3535004796495],[-85.6434708473898,27.3628153050014]]]},"properties":{"objectid":248,"id":0,"area":0,"Shape__Area":44822419.310546875,"Shape__Length":45071.285234901137}},{"type":"Feature","id":249,"geometry":{"type":"Polygon","coordinates":[[[-85.5142276448071,27.3581578925355],[-85.5375147078499,27.3616509517025],[-85.5503225934218,27.3756231902968],[-85.5736096564646,27.3849380157783],[-85.5654591843996,27.367472717798],[-85.5852531879861,27.3709657774343],[-85.6062115456229,27.3826093093534],[-85.5922393077972,27.3837736623129],[-85.5864175411382,27.3919241343907],[-85.6225124897529,27.3954171940855],[-85.6341560212743,27.4058963728889],[-85.6306629618179,27.4117181382374],[-85.5980610735579,27.4012389595683],[-85.5538156528782,27.3930884873885],[-85.5281998826328,27.3756231902968],[-85.5142276448071,27.3581578925355]]]},"properties":{"objectid":249,"id":0,"area":0,"Shape__Area":26025095.59375,"Shape__Length":39756.836037581415}},{"type":"Feature","id":250,"geometry":{"type":"Polygon","coordinates":[[[-85.6003897798622,27.4245260230341],[-85.5456651808132,27.419868610425],[-85.5363503546978,27.4082250793126],[-85.5200494105678,27.4082250793126],[-85.5270355294806,27.3942528408862],[-85.5410077673063,27.3919241343907],[-85.5526512997261,27.3977459003835],[-85.5549800060303,27.4070607254565],[-85.6062115456229,27.4128824916577],[-85.6003897798622,27.4245260230341]]]},"properties":{"objectid":250,"id":0,"area":0,"Shape__Area":17032293.890625,"Shape__Length":23255.751117448253}},{"type":"Feature","id":251,"geometry":{"type":"Polygon","coordinates":[[[-85.2510838270331,27.6690401899024],[-85.2359472360552,27.6643827773152],[-85.2359472360552,27.6573966582844],[-85.2499194738809,27.6573966582844],[-85.2510838270331,27.6690401899024]]]},"properties":{"objectid":251,"id":0,"area":0,"Shape__Area":1877849.458984375,"Shape__Length":5686.3761093330641}},{"type":"Feature","id":252,"geometry":{"type":"Polygon","coordinates":[[[-85.2219749982295,27.5921928805339],[-85.2068384072517,27.5828780547318],[-85.1975235811362,27.5723988762042],[-85.1788939307019,27.5607553446621],[-85.1812226370062,27.5502761665292],[-85.2021809937448,27.5584266387403],[-85.2266324108381,27.5805493484672],[-85.2219749982295,27.5921928805339]]]},"properties":{"objectid":252,"id":0,"area":0,"Shape__Area":10110934.220703125,"Shape__Length":15593.945192624946}},{"type":"Feature","id":253,"geometry":{"type":"Polygon","coordinates":[[[-85.1614286334198,27.5537692260567],[-85.1486207478479,27.546783106613],[-85.1486207478479,27.5421256939719],[-85.1649216928762,27.5421256939719],[-85.1719078117891,27.5526048724828],[-85.1614286334198,27.5537692260567]]]},"properties":{"objectid":253,"id":0,"area":0,"Shape__Area":2567492.53125,"Shape__Length":6777.3512876090781}},{"type":"Feature","id":254,"geometry":{"type":"Polygon","coordinates":[[[-85.732543864427,27.5320831474748],[-85.7124587725525,27.5408157964617],[-85.7072191833679,27.5495484451508],[-85.7019795941832,27.5443088557676],[-85.6923736806781,27.5443088557676],[-85.7037261239115,27.5312098827272],[-85.732543864427,27.5320831474748]]]},"properties":{"objectid":254,"id":0,"area":0,"Shape__Area":4188398.248046875,"Shape__Length":10964.394922635398}},{"type":"Feature","id":255,"geometry":{"type":"Polygon","coordinates":[[[-86.0023827128258,27.4761941958088],[-85.9753115020385,27.4814337845113],[-85.9342680525272,27.4901664336734],[-85.9063235759774,27.4875466387154],[-85.8678999210584,27.4875466387154],[-85.8582940075533,27.4988990827594],[-85.8792523651901,27.4997723474964],[-85.9089433705698,27.4988990827594],[-85.9299017282066,27.5032654064789],[-85.9691986470914,27.4971525524215],[-85.9892837398642,27.4884199034546],[-86.0093688317386,27.4875466387154],[-86.0154816857874,27.496279287618],[-86.05041228125,27.496279287618],[-86.0661310488039,27.5111247903421],[-86.0128618911951,27.5102515256602],[-85.9587194687221,27.5128713204217],[-85.9220423435313,27.5146178498603],[-85.9010839867928,27.5067584661391],[-85.8757593048354,27.5085049962171],[-85.8434485048634,27.5102515256602],[-85.8155040283137,27.5015188769017],[-85.7473893680151,27.4919129632836],[-85.7307973346987,27.4831803147492],[-85.7037261239115,27.4831803147492],[-85.6836410311387,27.4875466387154],[-85.6347381978504,27.4840535790461],[-85.606793722199,27.4718278713597],[-85.590201689781,27.4761941958088],[-85.5919482195092,27.4692080762153],[-85.5395523258662,27.4534893081861],[-85.5316929420892,27.4456299248947],[-85.5456651808132,27.4456299248947],[-85.5823423051057,27.4578556329191],[-85.6006808681502,27.4552358381002],[-85.6329916681222,27.4552358381002],[-85.6408510527975,27.464841752336],[-85.6303718735299,27.464841752336],[-85.6172729005683,27.4692080762153],[-85.6487104365744,27.4753209305745],[-85.669668793313,27.4692080762153],[-85.7063459185038,27.4735744008611],[-85.7421497788305,27.4753209305745],[-85.7727140490742,27.4735744008611],[-85.8058981148085,27.4735744008611],[-85.8521811535045,27.4875466387154],[-85.8678999210584,27.4709546065896],[-85.9290284633425,27.4761941958088],[-85.9386343768477,27.464841752336],[-85.9997629182335,27.4657150169211],[-86.0023827128258,27.4761941958088]]]},"properties":{"objectid":255,"id":0,"area":0,"Shape__Area":146284683.1015625,"Shape__Length":166581.39124115231}},{"type":"Feature","id":256,"geometry":{"type":"Polygon","coordinates":[[[-84.9669816525205,27.7540379714109],[-84.9495163552384,27.7365726741496],[-84.9623242399119,27.7377370270675],[-84.9728034191795,27.7447231464283],[-84.9669816525205,27.7540379714109]]]},"properties":{"objectid":256,"id":0,"area":0,"Shape__Area":2391834.673828125,"Shape__Length":7166.269221589303}},{"type":"Feature","id":257,"geometry":{"type":"Polygon","coordinates":[[[-84.9611598867598,27.7773250354198],[-84.9390371768691,27.7668458567936],[-84.9355441174127,27.7586953844035],[-84.9355441174127,27.7505449122951],[-84.9553381209991,27.7633527968716],[-84.9611598867598,27.7773250354198]]]},"properties":{"objectid":257,"id":0,"area":0,"Shape__Area":3882598.02734375,"Shape__Length":9518.4216125447456}},{"type":"Feature","id":258,"geometry":{"type":"Polygon","coordinates":[[[-91.4572731167683,28.7670396075191],[-91.4013841636689,28.7449168971138],[-91.3699466285611,28.7030001830623],[-91.3245368547292,28.6587547629429],[-91.2628261367674,28.5947153378633],[-91.2092658899722,28.5388263856313],[-91.2034441242115,28.515539322186],[-91.2360460133698,28.5399907388843],[-91.2581687232605,28.5714282742031],[-91.2674835493759,28.5667708615996],[-91.2197450692398,28.5143749687587],[-91.1708422359515,28.4794443734892],[-91.114953282852,28.4619790764779],[-91.0532425648902,28.4549929571758],[-90.9659160766829,28.4305415407254],[-90.8972192398082,28.3956109452512],[-90.9822170217112,28.4095831833249],[-91.0404346802166,28.4305415407254],[-91.1184463432068,28.4351989528908],[-91.1359116404889,28.4177336553917],[-91.0683791558681,28.3513655242581],[-91.0369416207602,28.2966409258304],[-91.0893375135049,28.3234210485745],[-91.1510482314668,28.3967752987939],[-91.1906362395379,28.4445137783178],[-91.2465251917391,28.4806087270317],[-91.2861131998102,28.5306759132459],[-91.2837844935059,28.5772500403505],[-91.2942636718752,28.6005371035978],[-91.3245368547292,28.6238241676704],[-91.347823917772,28.6389607582577],[-91.3571387438875,28.6669052344774],[-91.3734396880175,28.6459468773586],[-91.4118633429365,28.6622478224186],[-91.449122643805,28.6948497108437],[-91.4537800573119,28.7321090127395],[-91.4572731167683,28.7670396075191]]]},"properties":{"objectid":258,"id":0,"area":0,"Shape__Area":409028785.28125,"Shape__Length":234434.30425133251}},{"type":"Feature","id":259,"geometry":{"type":"Polygon","coordinates":[[[-90.1983108568685,29.0879116020647],[-90.1914338958391,29.0859467556843],[-90.1953635877276,29.0805434293747],[-90.2056790292717,29.0702279882144],[-90.2115735666552,29.0667895076364],[-90.2115735666552,29.070719199559],[-90.2056790292717,29.0780873721957],[-90.1983108568685,29.0879116020647]]]},"properties":{"objectid":259,"id":0,"area":0,"Shape__Area":1975791.4375,"Shape__Length":7296.6861100362021}}]}